date,position,cost,name,date
2008-09-25,605302,66.08270263671875,TLT,2008-09-25
2008-09-25,461307,86.70999908447266,GLD,2008-09-25
2008-09-25,-214895,93.06828308105469,SPY,2008-09-25
2008-09-26,606528,65.94913482666016,TLT,2008-09-26
2008-09-26,462695,86.44999694824219,GLD,2008-09-26
2008-09-26,-211586,94.52381896972656,SPY,2008-09-26
2008-09-29,599071,66.42710876464844,TLT,2008-09-29
2008-09-29,459309,86.63999938964844,GLD,2008-09-29
2008-09-29,-210395,94.57076263427734,SPY,2008-09-29
2008-09-30,584283,68.36022186279297,TLT,2008-09-30
2008-09-30,445927,89.56999969482422,GLD,2008-09-30
2008-09-30,-229128,87.16006469726562,SPY,2008-09-30
2008-10-01,623245,66.69426727294922,TLT,2008-10-01
2008-10-01,488620,85.06999969482422,GLD,2008-10-01
2008-10-01,-228974,90.76759338378906,SPY,2008-10-01
2008-10-02,592955,67.5333023071289,TLT,2008-10-02
2008-10-02,465793,85.97000122070312,GLD,2008-10-02
2008-10-02,-220453,90.8223648071289,SPY,2008-10-02
2008-10-03,593809,68.07624816894531,TLT,2008-10-03
2008-10-03,491003,82.33000183105469,GLD,2008-10-03
2008-10-03,-230922,87.5278549194336,SPY,2008-10-03
2008-10-06,584857,68.6755599975586,TLT,2008-10-06
2008-10-06,486323,82.58999633789062,GLD,2008-10-06
2008-10-06,-232583,86.3462142944336,SPY,2008-10-06
2008-10-07,578746,69.92353057861328,TLT,2008-10-07
2008-10-07,480161,84.27999877929688,GLD,2008-10-07
2008-10-07,-246911,81.94829559326172,SPY,2008-10-07
2008-10-08,595275,69.71202850341797,TLT,2008-10-08
2008-10-08,475511,87.2699966430664,GLD,2008-10-08
2008-10-08,-265066,78.27815246582031,SPY,2008-10-08
2008-10-09,616870,68.71080017089844,TLT,2008-10-09
2008-10-09,474006,89.41999816894531,GLD,2008-10-09
2008-10-09,-277734,76.30612182617188,SPY,2008-10-09
2008-10-10,627676,68.13262939453125,TLT,2008-10-10
2008-10-10,475698,89.9000015258789,GLD,2008-10-10
2008-10-10,-301261,70.97698211669922,SPY,2008-10-10
2008-10-13,640112,67.65312194824219,TLT,2008-10-13
2008-10-13,520375,83.22000122070312,GLD,2008-10-13
2008-10-13,-312651,69.25538635253906,SPY,2008-10-13
2008-10-14,630696,66.78593444824219,TLT,2008-10-14
2008-10-14,513741,81.98999786376953,GLD,2008-10-14
2008-10-14,-265546,79.31111145019531,SPY,2008-10-14
2008-10-15,608628,66.35579681396484,TLT,2008-10-15
2008-10-15,491314,82.19999694824219,GLD,2008-10-15
2008-10-15,-258429,78.13729858398438,SPY,2008-10-15
2008-10-16,603748,66.99040222167969,TLT,2008-10-16
2008-10-16,485479,83.30999755859375,GLD,2008-10-16
2008-10-16,-287070,70.4448471069336,SPY,2008-10-16
2008-10-17,624401,66.6448974609375,TLT,2008-10-17
2008-10-17,524822,79.29000091552734,GLD,2008-10-17
2008-10-17,-283547,73.37938690185547,SPY,2008-10-17
2008-10-20,610578,66.18656921386719,TLT,2008-10-20
2008-10-20,523404,77.20999908447266,GLD,2008-10-20
2008-10-20,-277018,72.941162109375,SPY,2008-10-20
2008-10-21,598222,66.71539306640625,TLT,2008-10-21
2008-10-21,508416,78.5,GLD,2008-10-21
2008-10-21,-258076,77.32345581054688,SPY,2008-10-21
2008-10-22,593790,67.06791687011719,TLT,2008-10-22
2008-10-22,523797,76.02999877929688,GLD,2008-10-22
2008-10-22,-265442,75.01493835449219,SPY,2008-10-22
2008-10-23,579356,68.42877197265625,TLT,2008-10-23
2008-10-23,552847,71.70999908447266,GLD,2008-10-23
2008-10-23,-279463,70.9300537109375,SPY,2008-10-23
2008-10-24,572940,68.9364242553711,TLT,2008-10-24
2008-10-24,559044,70.6500015258789,GLD,2008-10-24
2008-10-24,-275230,71.751708984375,SPY,2008-10-24
2008-10-27,576042,68.2031021118164,TLT,2008-10-27
2008-10-27,544078,72.20999908447266,GLD,2008-10-27
2008-10-27,-288402,68.11287689208984,SPY,2008-10-27
2008-10-28,584143,68.25251770019531,TLT,2008-10-28
2008-10-28,552358,72.18000030517578,GLD,2008-10-28
2008-10-28,-303443,65.69480895996094,SPY,2008-10-28
2008-10-29,584143,68.25251770019531,TLT,2008-10-29
2008-10-29,552358,72.18000030517578,GLD,2008-10-29
2008-10-29,-303443,65.69480895996094,SPY,2008-10-29
2008-10-30,584143,68.25251770019531,TLT,2008-10-30
2008-10-30,552358,72.18000030517578,GLD,2008-10-30
2008-10-30,-303443,65.69480895996094,SPY,2008-10-30
2008-10-31,584143,68.25251770019531,TLT,2008-10-31
2008-10-31,552358,72.18000030517578,GLD,2008-10-31
2008-10-31,-303443,65.69480895996094,SPY,2008-10-31
2008-11-03,584143,68.25251770019531,TLT,2008-11-03
2008-11-03,552358,72.18000030517578,GLD,2008-11-03
2008-11-03,-303443,65.69480895996094,SPY,2008-11-03
2008-11-04,584143,68.25251770019531,TLT,2008-11-04
2008-11-04,552358,72.18000030517578,GLD,2008-11-04
2008-11-04,-303443,65.69480895996094,SPY,2008-11-04
2008-11-05,584143,68.25251770019531,TLT,2008-11-05
2008-11-05,552358,72.18000030517578,GLD,2008-11-05
2008-11-05,-303443,65.69480895996094,SPY,2008-11-05
2008-11-06,584143,68.25251770019531,TLT,2008-11-06
2008-11-06,552358,72.18000030517578,GLD,2008-11-06
2008-11-06,-303443,65.69480895996094,SPY,2008-11-06
2008-11-07,584143,68.25251770019531,TLT,2008-11-07
2008-11-07,552358,72.18000030517578,GLD,2008-11-07
2008-11-07,-303443,65.69480895996094,SPY,2008-11-07
2008-11-10,584143,68.25251770019531,TLT,2008-11-10
2008-11-10,552358,72.18000030517578,GLD,2008-11-10
2008-11-10,-303443,65.69480895996094,SPY,2008-11-10
2008-11-11,584143,68.25251770019531,TLT,2008-11-11
2008-11-11,552358,72.18000030517578,GLD,2008-11-11
2008-11-11,-303443,65.69480895996094,SPY,2008-11-11
2008-11-12,584143,68.25251770019531,TLT,2008-11-12
2008-11-12,552358,72.18000030517578,GLD,2008-11-12
2008-11-12,-303443,65.69480895996094,SPY,2008-11-12
2008-11-13,584143,68.25251770019531,TLT,2008-11-13
2008-11-13,552358,72.18000030517578,GLD,2008-11-13
2008-11-13,-303443,65.69480895996094,SPY,2008-11-13
2008-11-14,584143,68.25251770019531,TLT,2008-11-14
2008-11-14,552358,72.18000030517578,GLD,2008-11-14
2008-11-14,-303443,65.69480895996094,SPY,2008-11-14
2008-11-17,584143,68.25251770019531,TLT,2008-11-17
2008-11-17,552358,72.18000030517578,GLD,2008-11-17
2008-11-17,-303443,65.69480895996094,SPY,2008-11-17
2008-11-18,584143,68.25251770019531,TLT,2008-11-18
2008-11-18,552358,72.18000030517578,GLD,2008-11-18
2008-11-18,-303443,65.69480895996094,SPY,2008-11-18
2008-11-19,583255,68.5398178100586,TLT,2008-11-19
2008-11-19,551319,72.51000213623047,GLD,2008-11-19
2008-11-19,-293320,68.14418029785156,SPY,2008-11-19
2008-11-20,568967,70.29539489746094,TLT,2008-11-20
2008-11-20,553498,72.26000213623047,GLD,2008-11-20
2008-11-20,-313557,63.77757263183594,SPY,2008-11-20
2008-11-21,552742,73.92693328857422,TLT,2008-11-21
2008-11-21,556332,73.44999694824219,GLD,2008-11-21
2008-11-21,-346040,59.043155670166016,SPY,2008-11-21
2008-11-24,583962,72.85798645019531,TLT,2008-11-24
2008-11-24,539585,78.8499984741211,GLD,2008-11-24
2008-11-24,-341858,62.228092193603516,SPY,2008-11-24
2008-11-25,600555,71.71833801269531,TLT,2008-11-25
2008-11-25,532330,80.91000366210938,GLD,2008-11-25
2008-11-25,-323646,66.53996276855469,SPY,2008-11-25
2008-11-26,577825,73.82788848876953,TLT,2008-11-26
2008-11-26,527508,80.87000274658203,GLD,2008-11-26
2008-11-26,-318198,67.03296661376953,SPY,2008-11-26
2008-11-28,582927,73.92693328857422,TLT,2008-11-28
2008-11-28,536129,80.37999725341797,GLD,2008-11-28
2008-11-28,-309480,69.62318420410156,SPY,2008-11-28
2008-12-01,582927,73.92693328857422,TLT,2008-12-01
2008-12-01,536129,80.37999725341797,GLD,2008-12-01
2008-12-01,-309480,69.62318420410156,SPY,2008-12-01
2008-12-02,582927,73.92693328857422,TLT,2008-12-02
2008-12-02,536129,80.37999725341797,GLD,2008-12-02
2008-12-02,-309480,69.62318420410156,SPY,2008-12-02
2008-12-03,582927,73.92693328857422,TLT,2008-12-03
2008-12-03,536129,80.37999725341797,GLD,2008-12-03
2008-12-03,-309480,69.62318420410156,SPY,2008-12-03
2008-12-04,582927,73.92693328857422,TLT,2008-12-04
2008-12-04,536129,80.37999725341797,GLD,2008-12-04
2008-12-04,-309480,69.62318420410156,SPY,2008-12-04
2008-12-05,582927,73.92693328857422,TLT,2008-12-05
2008-12-05,536129,80.37999725341797,GLD,2008-12-05
2008-12-05,-309480,69.62318420410156,SPY,2008-12-05
2008-12-08,582927,73.92693328857422,TLT,2008-12-08
2008-12-08,536129,80.37999725341797,GLD,2008-12-08
2008-12-08,-309480,69.62318420410156,SPY,2008-12-08
2008-12-09,582927,73.92693328857422,TLT,2008-12-09
2008-12-09,536129,80.37999725341797,GLD,2008-12-09
2008-12-09,-309480,69.62318420410156,SPY,2008-12-09
2008-12-10,582927,73.92693328857422,TLT,2008-12-10
2008-12-10,536129,80.37999725341797,GLD,2008-12-10
2008-12-10,-309480,69.62318420410156,SPY,2008-12-10
2008-12-11,582927,73.92693328857422,TLT,2008-12-11
2008-12-11,536129,80.37999725341797,GLD,2008-12-11
2008-12-11,-309480,69.62318420410156,SPY,2008-12-11
2008-12-12,582927,73.92693328857422,TLT,2008-12-12
2008-12-12,536129,80.37999725341797,GLD,2008-12-12
2008-12-12,-309480,69.62318420410156,SPY,2008-12-12
2008-12-15,582927,73.92693328857422,TLT,2008-12-15
2008-12-15,536129,80.37999725341797,GLD,2008-12-15
2008-12-15,-309480,69.62318420410156,SPY,2008-12-15
2008-12-16,582927,73.92693328857422,TLT,2008-12-16
2008-12-16,536129,80.37999725341797,GLD,2008-12-16
2008-12-16,-309480,69.62318420410156,SPY,2008-12-16
2008-12-17,582927,73.92693328857422,TLT,2008-12-17
2008-12-17,536129,80.37999725341797,GLD,2008-12-17
2008-12-17,-309480,69.62318420410156,SPY,2008-12-17
2008-12-18,582927,73.92693328857422,TLT,2008-12-18
2008-12-18,536129,80.37999725341797,GLD,2008-12-18
2008-12-18,-309480,69.62318420410156,SPY,2008-12-18
2008-12-19,582927,73.92693328857422,TLT,2008-12-19
2008-12-19,536129,80.37999725341797,GLD,2008-12-19
2008-12-19,-309480,69.62318420410156,SPY,2008-12-19
2008-12-22,582927,73.92693328857422,TLT,2008-12-22
2008-12-22,536129,80.37999725341797,GLD,2008-12-22
2008-12-22,-309480,69.62318420410156,SPY,2008-12-22
2008-12-23,582927,73.92693328857422,TLT,2008-12-23
2008-12-23,536129,80.37999725341797,GLD,2008-12-23
2008-12-23,-309480,69.62318420410156,SPY,2008-12-23
2008-12-24,582927,73.92693328857422,TLT,2008-12-24
2008-12-24,536129,80.37999725341797,GLD,2008-12-24
2008-12-24,-309480,69.62318420410156,SPY,2008-12-24
2008-12-26,582927,73.92693328857422,TLT,2008-12-26
2008-12-26,536129,80.37999725341797,GLD,2008-12-26
2008-12-26,-309480,69.62318420410156,SPY,2008-12-26
2009-03-04,636063,73.5180892944336,TLT,2009-03-04
2009-03-04,519349,90.04000091552734,GLD,2009-03-04
2009-03-04,-422971,55.27816390991211,SPY,2009-03-04
2009-03-05,638991,73.18128204345703,TLT,2009-03-05
2009-03-05,525476,88.98999786376953,GLD,2009-03-05
2009-03-05,-413183,56.587745666503906,SPY,2009-03-05
2009-03-06,638991,73.18128204345703,TLT,2009-03-06
2009-03-06,525476,88.98999786376953,GLD,2009-03-06
2009-03-06,-413183,56.587745666503906,SPY,2009-03-06
2009-03-09,638991,73.18128204345703,TLT,2009-03-09
2009-03-09,525476,88.98999786376953,GLD,2009-03-09
2009-03-09,-413183,56.587745666503906,SPY,2009-03-09
2009-03-10,638991,73.18128204345703,TLT,2009-03-10
2009-03-10,525476,88.98999786376953,GLD,2009-03-10
2009-03-10,-413183,56.587745666503906,SPY,2009-03-10
2009-03-11,638991,73.18128204345703,TLT,2009-03-11
2009-03-11,525476,88.98999786376953,GLD,2009-03-11
2009-03-11,-413183,56.587745666503906,SPY,2009-03-11
2009-03-12,638991,73.18128204345703,TLT,2009-03-12
2009-03-12,525476,88.98999786376953,GLD,2009-03-12
2009-03-12,-413183,56.587745666503906,SPY,2009-03-12
2009-03-13,638991,73.18128204345703,TLT,2009-03-13
2009-03-13,525476,88.98999786376953,GLD,2009-03-13
2009-03-13,-413183,56.587745666503906,SPY,2009-03-13
2009-03-16,638991,73.18128204345703,TLT,2009-03-16
2009-03-16,525476,88.98999786376953,GLD,2009-03-16
2009-03-16,-413183,56.587745666503906,SPY,2009-03-16
2009-03-17,638991,73.18128204345703,TLT,2009-03-17
2009-03-17,525476,88.98999786376953,GLD,2009-03-17
2009-03-17,-413183,56.587745666503906,SPY,2009-03-17
2009-03-18,638991,73.18128204345703,TLT,2009-03-18
2009-03-18,525476,88.98999786376953,GLD,2009-03-18
2009-03-18,-413183,56.587745666503906,SPY,2009-03-18
2009-03-19,638991,73.18128204345703,TLT,2009-03-19
2009-03-19,525476,88.98999786376953,GLD,2009-03-19
2009-03-19,-413183,56.587745666503906,SPY,2009-03-19
2011-08-08,579489,80.863037109375,TLT,2011-08-08
2011-08-08,289702,161.75,GLD,2011-08-08
2011-08-08,-234888,99.7481460571289,SPY,2011-08-08
2011-08-09,561756,83.41569519042969,TLT,2011-08-09
2011-08-09,280393,167.1199951171875,GLD,2011-08-09
2011-08-09,-251250,93.25218963623047,SPY,2011-08-09
2011-08-10,581862,83.6685791015625,TLT,2011-08-10
2011-08-10,288735,168.61000061035156,GLD,2011-08-10
2011-08-10,-249433,97.58837890625,SPY,2011-08-10
2011-08-11,562591,86.15799713134766,TLT,2011-08-11
2011-08-11,277647,174.5800018310547,GLD,2011-08-11
2011-08-11,-259826,93.27713012695312,SPY,2011-08-11
2011-08-12,613249,81.81136322021484,TLT,2011-08-12
2011-08-12,293826,170.75,GLD,2011-08-12
2011-08-12,-257381,97.4637680053711,SPY,2011-08-12
2011-08-15,579303,83.43148803710938,TLT,2011-08-15
2011-08-15,284357,169.97000122070312,GLD,2011-08-15
2011-08-15,-246291,98.12002563476562,SPY,2011-08-15
2011-08-16,588119,82.58588409423828,TLT,2011-08-16
2011-08-16,282714,171.8000030517578,GLD,2011-08-16
2011-08-16,-242375,100.19668579101562,SPY,2011-08-16
2011-08-17,576250,83.9531021118164,TLT,2011-08-17
2011-08-17,278162,173.9199981689453,GLD,2011-08-17
2011-08-17,-243494,99.34112548828125,SPY,2011-08-17
2011-08-18,573876,85.42306518554688,TLT,2011-08-18
2011-08-18,281058,174.4199981689453,GLD,2011-08-18
2011-08-18,-246572,99.40758514404297,SPY,2011-08-18
2011-08-19,573876,85.42306518554688,TLT,2011-08-19
2011-08-19,281058,174.4199981689453,GLD,2011-08-19
2011-08-19,-246572,99.40758514404297,SPY,2011-08-19
2011-08-22,573876,85.42306518554688,TLT,2011-08-22
2011-08-22,281058,174.4199981689453,GLD,2011-08-22
2011-08-22,-246572,99.40758514404297,SPY,2011-08-22
2011-08-23,573876,85.42306518554688,TLT,2011-08-23
2011-08-23,281058,174.4199981689453,GLD,2011-08-23
2011-08-23,-246572,99.40758514404297,SPY,2011-08-23
2011-08-24,573876,85.42306518554688,TLT,2011-08-24
2011-08-24,281058,174.4199981689453,GLD,2011-08-24
2011-08-24,-246572,99.40758514404297,SPY,2011-08-24
2011-08-25,573876,85.42306518554688,TLT,2011-08-25
2011-08-25,281058,174.4199981689453,GLD,2011-08-25
2011-08-25,-246572,99.40758514404297,SPY,2011-08-25
2011-08-26,573876,85.42306518554688,TLT,2011-08-26
2011-08-26,281058,174.4199981689453,GLD,2011-08-26
2011-08-26,-246572,99.40758514404297,SPY,2011-08-26
2011-08-29,573876,85.42306518554688,TLT,2011-08-29
2011-08-29,281058,174.4199981689453,GLD,2011-08-29
2011-08-29,-246572,99.40758514404297,SPY,2011-08-29
2011-08-30,573876,85.42306518554688,TLT,2011-08-30
2011-08-30,281058,174.4199981689453,GLD,2011-08-30
2011-08-30,-246572,99.40758514404297,SPY,2011-08-30
2011-08-31,573876,85.42306518554688,TLT,2011-08-31
2011-08-31,281058,174.4199981689453,GLD,2011-08-31
2011-08-31,-246572,99.40758514404297,SPY,2011-08-31
2011-09-01,573876,85.42306518554688,TLT,2011-09-01
2011-09-01,281058,174.4199981689453,GLD,2011-09-01
2011-09-01,-246572,99.40758514404297,SPY,2011-09-01
2011-09-02,573876,85.42306518554688,TLT,2011-09-02
2011-09-02,281058,174.4199981689453,GLD,2011-09-02
2011-09-02,-246572,99.40758514404297,SPY,2011-09-02
2011-09-06,573876,85.42306518554688,TLT,2011-09-06
2011-09-06,281058,174.4199981689453,GLD,2011-09-06
2011-09-06,-246572,99.40758514404297,SPY,2011-09-06
2011-09-07,573876,85.42306518554688,TLT,2011-09-07
2011-09-07,281058,174.4199981689453,GLD,2011-09-07
2011-09-07,-246572,99.40758514404297,SPY,2011-09-07
2011-09-08,573876,85.42306518554688,TLT,2011-09-08
2011-09-08,281058,174.4199981689453,GLD,2011-09-08
2011-09-08,-246572,99.40758514404297,SPY,2011-09-08
2011-09-09,573876,85.42306518554688,TLT,2011-09-09
2011-09-09,281058,174.4199981689453,GLD,2011-09-09
2011-09-09,-246572,99.40758514404297,SPY,2011-09-09
2011-09-12,573876,85.42306518554688,TLT,2011-09-12
2011-09-12,281058,174.4199981689453,GLD,2011-09-12
2011-09-12,-246572,99.40758514404297,SPY,2011-09-12
2011-09-13,573876,85.42306518554688,TLT,2011-09-13
2011-09-13,281058,174.4199981689453,GLD,2011-09-13
2011-09-13,-246572,99.40758514404297,SPY,2011-09-13
2011-09-30,544275,93.4094467163086,TLT,2011-09-30
2011-09-30,322387,157.6999969482422,GLD,2011-09-30
2011-09-30,-262336,96.89924621582031,SPY,2011-09-30
2011-10-03,530938,95.75576782226562,TLT,2011-10-03
2011-10-03,321652,158.05999755859375,GLD,2011-10-03
2011-10-03,-269060,94.4778060913086,SPY,2011-10-03
2011-10-04,524964,98.3909683227539,TLT,2011-10-04
2011-10-04,320898,160.9600067138672,GLD,2011-10-04
2011-10-04,-281360,91.78917694091797,SPY,2011-10-04
2011-10-05,544287,97.14329528808594,TLT,2011-10-05
2011-10-05,335409,157.63999938964844,GLD,2011-10-05
2011-10-05,-281839,93.80145263671875,SPY,2011-10-05
2011-10-06,538751,96.4439697265625,TLT,2011-10-06
2011-10-06,325845,159.4600067138672,GLD,2011-10-06
2011-10-06,-271929,95.53822326660156,SPY,2011-10-06
2011-10-07,538751,96.4439697265625,TLT,2011-10-07
2011-10-07,325845,159.4600067138672,GLD,2011-10-07
2011-10-07,-271929,95.53822326660156,SPY,2011-10-07
2011-10-10,538751,96.4439697265625,TLT,2011-10-10
2011-10-10,325845,159.4600067138672,GLD,2011-10-10
2011-10-10,-271929,95.53822326660156,SPY,2011-10-10
2011-10-11,538751,96.4439697265625,TLT,2011-10-11
2011-10-11,325845,159.4600067138672,GLD,2011-10-11
2011-10-11,-271929,95.53822326660156,SPY,2011-10-11
2011-10-12,538751,96.4439697265625,TLT,2011-10-12
2011-10-12,325845,159.4600067138672,GLD,2011-10-12
2011-10-12,-271929,95.53822326660156,SPY,2011-10-12
2011-10-13,538751,96.4439697265625,TLT,2011-10-13
2011-10-13,325845,159.4600067138672,GLD,2011-10-13
2011-10-13,-271929,95.53822326660156,SPY,2011-10-13
2011-10-14,538751,96.4439697265625,TLT,2011-10-14
2011-10-14,325845,159.4600067138672,GLD,2011-10-14
2011-10-14,-271929,95.53822326660156,SPY,2011-10-14
2011-10-17,538751,96.4439697265625,TLT,2011-10-17
2011-10-17,325845,159.4600067138672,GLD,2011-10-17
2011-10-17,-271929,95.53822326660156,SPY,2011-10-17
2013-06-03,536015,94.78829956054688,TLT,2013-06-03
2013-06-03,379390,133.9199981689453,GLD,2013-06-03
2013-06-03,-180153,141.0126953125,SPY,2013-06-03
2013-06-04,533190,95.2905502319336,TLT,2013-06-04
2013-06-04,372192,136.50999450683594,GLD,2013-06-04
2013-06-04,-179167,141.78915405273438,SPY,2013-06-04
2013-06-05,542871,94.41053009033203,TLT,2013-06-05
2013-06-05,379004,135.22999572753906,GLD,2013-06-05
2013-06-05,-181608,141.1075897216797,SPY,2013-06-05
2013-06-06,532036,95.71398162841797,TLT,2013-06-06
2013-06-06,375762,135.52000427246094,GLD,2013-06-06
2013-06-06,-183003,139.13192749023438,SPY,2013-06-06
2013-06-07,537278,95.65589904785156,TLT,2013-06-07
2013-06-07,376429,136.52999877929688,GLD,2013-06-07
2013-06-07,-183037,140.39154052734375,SPY,2013-06-07
2013-06-10,547562,93.9456558227539,TLT,2013-06-10
2013-06-10,385962,133.27999877929688,GLD,2013-06-10
2013-06-10,-180904,142.1773681640625,SPY,2013-06-10
2013-06-11,539624,93.4973373413086,TLT,2013-06-11
2013-06-11,376687,133.94000244140625,GLD,2013-06-11
2013-06-11,-177431,142.1773681640625,SPY,2013-06-11
2013-06-12,533318,94.60977172851562,TLT,2013-06-12
2013-06-12,378665,133.25,GLD,2013-06-12
2013-06-12,-179293,140.71072387695312,SPY,2013-06-12
2013-06-13,543633,93.25657653808594,TLT,2013-06-13
2013-06-13,377634,134.25,GLD,2013-06-13
2013-06-13,-181651,139.5460205078125,SPY,2013-06-13
2013-06-14,543633,93.25657653808594,TLT,2013-06-14
2013-06-14,377634,134.25,GLD,2013-06-14
2013-06-14,-181651,139.5460205078125,SPY,2013-06-14
2013-06-17,543633,93.25657653808594,TLT,2013-06-17
2013-06-17,377634,134.25,GLD,2013-06-17
2013-06-17,-181651,139.5460205078125,SPY,2013-06-17
2013-06-18,543633,93.25657653808594,TLT,2013-06-18
2013-06-18,377634,134.25,GLD,2013-06-18
2013-06-18,-181651,139.5460205078125,SPY,2013-06-18
2013-06-19,543633,93.25657653808594,TLT,2013-06-19
2013-06-19,377634,134.25,GLD,2013-06-19
2013-06-19,-181651,139.5460205078125,SPY,2013-06-19
2013-06-20,543633,93.25657653808594,TLT,2013-06-20
2013-06-20,377634,134.25,GLD,2013-06-20
2013-06-20,-181651,139.5460205078125,SPY,2013-06-20
2013-06-21,543633,93.25657653808594,TLT,2013-06-21
2013-06-21,377634,134.25,GLD,2013-06-21
2013-06-21,-181651,139.5460205078125,SPY,2013-06-21
2013-06-24,542375,89.99386596679688,TLT,2013-06-24
2013-06-24,390327,125.05000305175781,GLD,2013-06-24
2013-06-24,-176900,137.9600830078125,SPY,2013-06-24
2013-06-25,538465,90.36746215820312,TLT,2013-06-25
2013-06-25,392639,123.93000030517578,GLD,2013-06-25
2013-06-25,-178611,136.21685791015625,SPY,2013-06-25
2013-06-26,543637,89.5621566772461,TLT,2013-06-26
2013-06-26,394341,123.47000122070312,GLD,2013-06-26
2013-06-26,-177018,137.5264434814453,SPY,2013-06-26
2013-06-27,543637,89.5621566772461,TLT,2013-06-27
2013-06-27,394341,123.47000122070312,GLD,2013-06-27
2013-06-27,-177018,137.5264434814453,SPY,2013-06-27
2013-06-28,543637,89.5621566772461,TLT,2013-06-28
2013-06-28,394341,123.47000122070312,GLD,2013-06-28
2013-06-28,-177018,137.5264434814453,SPY,2013-06-28
2013-07-01,543637,89.5621566772461,TLT,2013-07-01
2013-07-01,394341,123.47000122070312,GLD,2013-07-01
2013-07-01,-177018,137.5264434814453,SPY,2013-07-01
2013-07-02,543637,89.5621566772461,TLT,2013-07-02
2013-07-02,394341,123.47000122070312,GLD,2013-07-02
2013-07-02,-177018,137.5264434814453,SPY,2013-07-02
2013-07-03,543637,89.5621566772461,TLT,2013-07-03
2013-07-03,394341,123.47000122070312,GLD,2013-07-03
2013-07-03,-177018,137.5264434814453,SPY,2013-07-03
2013-07-05,543637,89.5621566772461,TLT,2013-07-05
2013-07-05,394341,123.47000122070312,GLD,2013-07-05
2013-07-05,-177018,137.5264434814453,SPY,2013-07-05
2013-07-08,543637,89.5621566772461,TLT,2013-07-08
2013-07-08,394341,123.47000122070312,GLD,2013-07-08
2013-07-08,-177018,137.5264434814453,SPY,2013-07-08
2013-07-09,543637,89.5621566772461,TLT,2013-07-09
2013-07-09,394341,123.47000122070312,GLD,2013-07-09
2013-07-09,-177018,137.5264434814453,SPY,2013-07-09
2013-07-10,543637,89.5621566772461,TLT,2013-07-10
2013-07-10,394341,123.47000122070312,GLD,2013-07-10
2013-07-10,-177018,137.5264434814453,SPY,2013-07-10
2013-07-11,543637,89.5621566772461,TLT,2013-07-11
2013-07-11,394341,123.47000122070312,GLD,2013-07-11
2013-07-11,-177018,137.5264434814453,SPY,2013-07-11
2013-07-12,543637,89.5621566772461,TLT,2013-07-12
2013-07-12,394341,123.47000122070312,GLD,2013-07-12
2013-07-12,-177018,137.5264434814453,SPY,2013-07-12
2013-07-15,543637,89.5621566772461,TLT,2013-07-15
2013-07-15,394341,123.47000122070312,GLD,2013-07-15
2013-07-15,-177018,137.5264434814453,SPY,2013-07-15
2013-07-16,543637,89.5621566772461,TLT,2013-07-16
2013-07-16,394341,123.47000122070312,GLD,2013-07-16
2013-07-16,-177018,137.5264434814453,SPY,2013-07-16
2013-07-17,543637,89.5621566772461,TLT,2013-07-17
2013-07-17,394341,123.47000122070312,GLD,2013-07-17
2013-07-17,-177018,137.5264434814453,SPY,2013-07-17
2014-12-10,447852,107.11605072021484,TLT,2014-12-10
2014-12-10,405890,118.19000244140625,GLD,2014-12-10
2014-12-10,-130755,183.4422149658203,SPY,2014-12-10
2014-12-11,444605,107.8985366821289,TLT,2014-12-11
2014-12-11,406682,117.95999908447266,GLD,2014-12-11
2014-12-11,-132886,180.50143432617188,SPY,2014-12-11
2014-12-12,445154,108.34195709228516,TLT,2014-12-12
2014-12-12,409795,117.69000244140625,GLD,2014-12-12
2014-12-12,-132923,181.41651916503906,SPY,2014-12-12
2014-12-15,439072,109.81136322021484,TLT,2014-12-15
2014-12-15,410656,117.41000366210938,GLD,2014-12-15
2014-12-15,-135068,178.48455810546875,SPY,2014-12-15
2014-12-16,443369,109.58529663085938,TLT,2014-12-16
2014-12-16,424747,114.38999938964844,GLD,2014-12-16
2014-12-16,-137050,177.2584991455078,SPY,2014-12-16
2014-12-17,443369,109.58529663085938,TLT,2014-12-17
2014-12-17,424747,114.38999938964844,GLD,2014-12-17
2014-12-17,-137050,177.2584991455078,SPY,2014-12-17
2014-12-18,443369,109.58529663085938,TLT,2014-12-18
2014-12-18,424747,114.38999938964844,GLD,2014-12-18
2014-12-18,-137050,177.2584991455078,SPY,2014-12-18
2014-12-19,443369,109.58529663085938,TLT,2014-12-19
2014-12-19,424747,114.38999938964844,GLD,2014-12-19
2014-12-19,-137050,177.2584991455078,SPY,2014-12-19
2014-12-22,443369,109.58529663085938,TLT,2014-12-22
2014-12-22,424747,114.38999938964844,GLD,2014-12-22
2014-12-22,-137050,177.2584991455078,SPY,2014-12-22
2014-12-23,443369,109.58529663085938,TLT,2014-12-23
2014-12-23,424747,114.38999938964844,GLD,2014-12-23
2014-12-23,-137050,177.2584991455078,SPY,2014-12-23
2014-12-24,443369,109.58529663085938,TLT,2014-12-24
2014-12-24,424747,114.38999938964844,GLD,2014-12-24
2014-12-24,-137050,177.2584991455078,SPY,2014-12-24
2014-12-26,443369,109.58529663085938,TLT,2014-12-26
2014-12-26,424747,114.38999938964844,GLD,2014-12-26
2014-12-26,-137050,177.2584991455078,SPY,2014-12-26
2014-12-29,443369,109.58529663085938,TLT,2014-12-29
2014-12-29,424747,114.38999938964844,GLD,2014-12-29
2014-12-29,-137050,177.2584991455078,SPY,2014-12-29
2014-12-30,443369,109.58529663085938,TLT,2014-12-30
2014-12-30,424747,114.38999938964844,GLD,2014-12-30
2014-12-30,-137050,177.2584991455078,SPY,2014-12-30
2014-12-31,443369,109.58529663085938,TLT,2014-12-31
2014-12-31,424747,114.38999938964844,GLD,2014-12-31
2014-12-31,-137050,177.2584991455078,SPY,2014-12-31
2015-01-02,443369,109.58529663085938,TLT,2015-01-02
2015-01-02,424747,114.38999938964844,GLD,2015-01-02
2015-01-02,-137050,177.2584991455078,SPY,2015-01-02
2015-01-05,443369,109.58529663085938,TLT,2015-01-05
2015-01-05,424747,114.38999938964844,GLD,2015-01-05
2015-01-05,-137050,177.2584991455078,SPY,2015-01-05
2015-01-06,443369,109.58529663085938,TLT,2015-01-06
2015-01-06,424747,114.38999938964844,GLD,2015-01-06
2015-01-06,-137050,177.2584991455078,SPY,2015-01-06
2015-09-28,458904,107.69181823730469,TLT,2015-09-28
2015-09-28,450052,109.80999755859375,GLD,2015-09-28
2015-09-28,-141360,174.80186462402344,SPY,2015-09-28
2015-09-29,451183,109.53479766845703,TLT,2015-09-29
2015-09-29,455822,108.41999816894531,GLD,2015-09-29
2015-09-29,-145000,170.41481018066406,SPY,2015-09-29
2015-09-30,452969,109.84489440917969,TLT,2015-09-30
2015-09-30,460792,107.9800033569336,GLD,2015-09-30
2015-09-30,-145900,170.51451110839844,SPY,2015-09-30
2015-10-01,454272,109.46390533447266,TLT,2015-10-01
2015-10-01,465341,106.86000061035156,GLD,2015-10-01
2015-10-01,-143141,173.69602966308594,SPY,2015-10-01
2015-10-02,448147,109.9309310913086,TLT,2015-10-02
2015-10-02,461587,106.7300033569336,GLD,2015-10-02
2015-10-02,-141445,174.14923095703125,SPY,2015-10-02
2015-10-05,448147,109.9309310913086,TLT,2015-10-05
2015-10-05,461587,106.7300033569336,GLD,2015-10-05
2015-10-05,-141445,174.14923095703125,SPY,2015-10-05
2015-10-06,448147,109.9309310913086,TLT,2015-10-06
2015-10-06,461587,106.7300033569336,GLD,2015-10-06
2015-10-06,-141445,174.14923095703125,SPY,2015-10-06
2015-10-07,448147,109.9309310913086,TLT,2015-10-07
2015-10-07,461587,106.7300033569336,GLD,2015-10-07
2015-10-07,-141445,174.14923095703125,SPY,2015-10-07
2015-10-08,448147,109.9309310913086,TLT,2015-10-08
2015-10-08,461587,106.7300033569336,GLD,2015-10-08
2015-10-08,-141445,174.14923095703125,SPY,2015-10-08
2015-10-09,448147,109.9309310913086,TLT,2015-10-09
2015-10-09,461587,106.7300033569336,GLD,2015-10-09
2015-10-09,-141445,174.14923095703125,SPY,2015-10-09
2015-10-12,448147,109.9309310913086,TLT,2015-10-12
2015-10-12,461587,106.7300033569336,GLD,2015-10-12
2015-10-12,-141445,174.14923095703125,SPY,2015-10-12
2015-10-13,448147,109.9309310913086,TLT,2015-10-13
2015-10-13,461587,106.7300033569336,GLD,2015-10-13
2015-10-13,-141445,174.14923095703125,SPY,2015-10-13
2015-10-14,448147,109.9309310913086,TLT,2015-10-14
2015-10-14,461587,106.7300033569336,GLD,2015-10-14
2015-10-14,-141445,174.14923095703125,SPY,2015-10-14
2015-10-15,448147,109.9309310913086,TLT,2015-10-15
2015-10-15,461587,106.7300033569336,GLD,2015-10-15
2015-10-15,-141445,174.14923095703125,SPY,2015-10-15
2015-10-16,448147,109.9309310913086,TLT,2015-10-16
2015-10-16,461587,106.7300033569336,GLD,2015-10-16
2015-10-16,-141445,174.14923095703125,SPY,2015-10-16
2015-10-19,448147,109.9309310913086,TLT,2015-10-19
2015-10-19,461587,106.7300033569336,GLD,2015-10-19
2015-10-19,-141445,174.14923095703125,SPY,2015-10-19
2015-10-20,448147,109.9309310913086,TLT,2015-10-20
2015-10-20,461587,106.7300033569336,GLD,2015-10-20
2015-10-20,-141445,174.14923095703125,SPY,2015-10-20
2015-10-21,448147,109.9309310913086,TLT,2015-10-21
2015-10-21,461587,106.7300033569336,GLD,2015-10-21
2015-10-21,-141445,174.14923095703125,SPY,2015-10-21
2015-12-14,450915,110.35958099365234,TLT,2015-12-14
2015-12-14,482619,103.11000061035156,GLD,2015-12-14
2015-12-14,-135973,182.98675537109375,SPY,2015-12-14
2015-12-15,456821,108.93280029296875,TLT,2015-12-15
2015-12-15,488877,101.79000091552734,GLD,2015-12-15
2015-12-15,-135290,183.91128540039062,SPY,2015-12-15
2015-12-16,456821,108.93280029296875,TLT,2015-12-16
2015-12-16,488877,101.79000091552734,GLD,2015-12-16
2015-12-16,-135290,183.91128540039062,SPY,2015-12-16
2015-12-17,456821,108.93280029296875,TLT,2015-12-17
2015-12-17,488877,101.79000091552734,GLD,2015-12-17
2015-12-17,-135290,183.91128540039062,SPY,2015-12-17
2015-12-18,456821,108.93280029296875,TLT,2015-12-18
2015-12-18,488877,101.79000091552734,GLD,2015-12-18
2015-12-18,-135290,183.91128540039062,SPY,2015-12-18
2015-12-21,456821,108.93280029296875,TLT,2015-12-21
2015-12-21,488877,101.79000091552734,GLD,2015-12-21
2015-12-21,-135290,183.91128540039062,SPY,2015-12-21
2015-12-22,456821,108.93280029296875,TLT,2015-12-22
2015-12-22,488877,101.79000091552734,GLD,2015-12-22
2015-12-22,-135290,183.91128540039062,SPY,2015-12-22
2015-12-23,456821,108.93280029296875,TLT,2015-12-23
2015-12-23,488877,101.79000091552734,GLD,2015-12-23
2015-12-23,-135290,183.91128540039062,SPY,2015-12-23
2015-12-24,456821,108.93280029296875,TLT,2015-12-24
2015-12-24,488877,101.79000091552734,GLD,2015-12-24
2015-12-24,-135290,183.91128540039062,SPY,2015-12-24
2015-12-28,456821,108.93280029296875,TLT,2015-12-28
2015-12-28,488877,101.79000091552734,GLD,2015-12-28
2015-12-28,-135290,183.91128540039062,SPY,2015-12-28
2015-12-29,456821,108.93280029296875,TLT,2015-12-29
2015-12-29,488877,101.79000091552734,GLD,2015-12-29
2015-12-29,-135290,183.91128540039062,SPY,2015-12-29
2015-12-30,456821,108.93280029296875,TLT,2015-12-30
2015-12-30,488877,101.79000091552734,GLD,2015-12-30
2015-12-30,-135290,183.91128540039062,SPY,2015-12-30
2016-01-20,433981,112.02071380615234,TLT,2016-01-20
2016-01-20,467540,103.9800033569336,GLD,2016-01-20
2016-01-20,-141755,171.47459411621094,SPY,2016-01-20
2016-01-21,433981,112.02071380615234,TLT,2016-01-21
2016-01-21,467540,103.9800033569336,GLD,2016-01-21
2016-01-21,-141755,171.47459411621094,SPY,2016-01-21
2016-01-22,433981,112.02071380615234,TLT,2016-01-22
2016-01-22,467540,103.9800033569336,GLD,2016-01-22
2016-01-22,-141755,171.47459411621094,SPY,2016-01-22
2016-01-25,433981,112.02071380615234,TLT,2016-01-25
2016-01-25,467540,103.9800033569336,GLD,2016-01-25
2016-01-25,-141755,171.47459411621094,SPY,2016-01-25
2016-01-26,433981,112.02071380615234,TLT,2016-01-26
2016-01-26,467540,103.9800033569336,GLD,2016-01-26
2016-01-26,-141755,171.47459411621094,SPY,2016-01-26
2016-01-27,433981,112.02071380615234,TLT,2016-01-27
2016-01-27,467540,103.9800033569336,GLD,2016-01-27
2016-01-27,-141755,171.47459411621094,SPY,2016-01-27
2016-01-28,433981,112.02071380615234,TLT,2016-01-28
2016-01-28,467540,103.9800033569336,GLD,2016-01-28
2016-01-28,-141755,171.47459411621094,SPY,2016-01-28
2016-01-29,433981,112.02071380615234,TLT,2016-01-29
2016-01-29,467540,103.9800033569336,GLD,2016-01-29
2016-01-29,-141755,171.47459411621094,SPY,2016-01-29
2016-02-01,433981,112.02071380615234,TLT,2016-02-01
2016-02-01,467540,103.9800033569336,GLD,2016-02-01
2016-02-01,-141755,171.47459411621094,SPY,2016-02-01
2016-02-02,433981,112.02071380615234,TLT,2016-02-02
2016-02-02,467540,103.9800033569336,GLD,2016-02-02
2016-02-02,-141755,171.47459411621094,SPY,2016-02-02
2017-03-14,465954,107.05047607421875,TLT,2017-03-14
2017-03-14,434727,114.73999786376953,GLD,2017-03-14
2017-03-14,-112600,221.49342346191406,SPY,2017-03-14
2017-03-15,465954,107.05047607421875,TLT,2017-03-15
2017-03-15,434727,114.73999786376953,GLD,2017-03-15
2017-03-15,-112600,221.49342346191406,SPY,2017-03-15
2017-03-16,465954,107.05047607421875,TLT,2017-03-16
2017-03-16,434727,114.73999786376953,GLD,2017-03-16
2017-03-16,-112600,221.49342346191406,SPY,2017-03-16
2017-03-17,465954,107.05047607421875,TLT,2017-03-17
2017-03-17,434727,114.73999786376953,GLD,2017-03-17
2017-03-17,-112600,221.49342346191406,SPY,2017-03-17
2017-03-20,465954,107.05047607421875,TLT,2017-03-20
2017-03-20,434727,114.73999786376953,GLD,2017-03-20
2017-03-20,-112600,221.49342346191406,SPY,2017-03-20
2017-03-21,465954,107.05047607421875,TLT,2017-03-21
2017-03-21,434727,114.73999786376953,GLD,2017-03-21
2017-03-21,-112600,221.49342346191406,SPY,2017-03-21
2017-03-22,465954,107.05047607421875,TLT,2017-03-22
2017-03-22,434727,114.73999786376953,GLD,2017-03-22
2017-03-22,-112600,221.49342346191406,SPY,2017-03-22
2017-03-23,465954,107.05047607421875,TLT,2017-03-23
2017-03-23,434727,114.73999786376953,GLD,2017-03-23
2017-03-23,-112600,221.49342346191406,SPY,2017-03-23
2017-03-24,465954,107.05047607421875,TLT,2017-03-24
2017-03-24,434727,114.73999786376953,GLD,2017-03-24
2017-03-24,-112600,221.49342346191406,SPY,2017-03-24
2017-03-27,465954,107.05047607421875,TLT,2017-03-27
2017-03-27,434727,114.73999786376953,GLD,2017-03-27
2017-03-27,-112600,221.49342346191406,SPY,2017-03-27
2018-02-09,463213,111.58851623535156,TLT,2018-02-09
2018-02-09,413580,124.9800033569336,GLD,2018-02-09
2018-02-09,-105652,244.61856079101562,SPY,2018-02-09
2018-02-12,463213,111.58851623535156,TLT,2018-02-12
2018-02-12,413580,124.9800033569336,GLD,2018-02-12
2018-02-12,-105652,244.61856079101562,SPY,2018-02-12
2018-02-13,463213,111.58851623535156,TLT,2018-02-13
2018-02-13,413580,124.9800033569336,GLD,2018-02-13
2018-02-13,-105652,244.61856079101562,SPY,2018-02-13
2018-02-14,463213,111.58851623535156,TLT,2018-02-14
2018-02-14,413580,124.9800033569336,GLD,2018-02-14
2018-02-14,-105652,244.61856079101562,SPY,2018-02-14
2018-02-15,463213,111.58851623535156,TLT,2018-02-15
2018-02-15,413580,124.9800033569336,GLD,2018-02-15
2018-02-15,-105652,244.61856079101562,SPY,2018-02-15
2018-02-16,463213,111.58851623535156,TLT,2018-02-16
2018-02-16,413580,124.9800033569336,GLD,2018-02-16
2018-02-16,-105652,244.61856079101562,SPY,2018-02-16
2018-02-20,463213,111.58851623535156,TLT,2018-02-20
2018-02-20,413580,124.9800033569336,GLD,2018-02-20
2018-02-20,-105652,244.61856079101562,SPY,2018-02-20
2018-02-21,463213,111.58851623535156,TLT,2018-02-21
2018-02-21,413580,124.9800033569336,GLD,2018-02-21
2018-02-21,-105652,244.61856079101562,SPY,2018-02-21
2018-02-22,463213,111.58851623535156,TLT,2018-02-22
2018-02-22,413580,124.9800033569336,GLD,2018-02-22
2018-02-22,-105652,244.61856079101562,SPY,2018-02-22
2018-02-23,463213,111.58851623535156,TLT,2018-02-23
2018-02-23,413580,124.9800033569336,GLD,2018-02-23
2018-02-23,-105652,244.61856079101562,SPY,2018-02-23
2018-12-24,439207,116.34197998046875,TLT,2018-12-24
2018-12-24,430409,118.72000122070312,GLD,2018-12-24
2018-12-24,-109707,232.88470458984375,SPY,2018-12-24
2018-12-26,437035,116.92024230957031,TLT,2018-12-26
2018-12-26,425747,120.0199966430664,GLD,2018-12-26
2018-12-26,-112684,226.73121643066406,SPY,2018-12-26
2018-12-27,446916,115.66739654541016,TLT,2018-12-27
2018-12-27,432004,119.66000366210938,GLD,2018-12-27
2018-12-27,-108515,238.18678283691406,SPY,2018-12-27
2018-12-28,446916,115.66739654541016,TLT,2018-12-28
2018-12-28,432004,119.66000366210938,GLD,2018-12-28
2018-12-28,-108515,238.18678283691406,SPY,2018-12-28
2018-12-31,446916,115.66739654541016,TLT,2018-12-31
2018-12-31,432004,119.66000366210938,GLD,2018-12-31
2018-12-31,-108515,238.18678283691406,SPY,2018-12-31
2019-01-02,446916,115.66739654541016,TLT,2019-01-02
2019-01-02,432004,119.66000366210938,GLD,2019-01-02
2019-01-02,-108515,238.18678283691406,SPY,2019-01-02
2019-01-03,446916,115.66739654541016,TLT,2019-01-03
2019-01-03,432004,119.66000366210938,GLD,2019-01-03
2019-01-03,-108515,238.18678283691406,SPY,2019-01-03
2019-01-04,446916,115.66739654541016,TLT,2019-01-04
2019-01-04,432004,119.66000366210938,GLD,2019-01-04
2019-01-04,-108515,238.18678283691406,SPY,2019-01-04
2019-01-07,446916,115.66739654541016,TLT,2019-01-07
2019-01-07,432004,119.66000366210938,GLD,2019-01-07
2019-01-07,-108515,238.18678283691406,SPY,2019-01-07
2019-01-08,446916,115.66739654541016,TLT,2019-01-08
2019-01-08,432004,119.66000366210938,GLD,2019-01-08
2019-01-08,-108515,238.18678283691406,SPY,2019-01-08
2020-02-27,343669,148.4517364501953,TLT,2020-02-27
2020-02-27,331352,153.97000122070312,GLD,2020-02-27
2020-02-27,-83066,307.0929260253906,SPY,2020-02-27
2020-02-28,339981,150.06224060058594,TLT,2020-02-28
2020-02-28,331287,154.0,GLD,2020-02-28
2020-02-28,-86972,293.3008728027344,SPY,2020-02-28
2020-03-02,336927,153.45120239257812,TLT,2020-03-02
2020-03-02,348442,148.3800048828125,GLD,2020-03-02
2020-03-02,-88509,292.06854248046875,SPY,2020-03-02
2020-03-03,337842,152.32215881347656,TLT,2020-03-03
2020-03-03,344912,149.1999969482422,GLD,2020-03-03
2020-03-03,-84440,304.71697998046875,SPY,2020-03-03
2020-03-04,329538,154.6870574951172,TLT,2020-03-04
2020-03-04,331244,153.88999938964844,GLD,2020-03-04
2020-03-04,-86109,295.9922180175781,SPY,2020-03-04
2020-03-05,341316,153.04449462890625,TLT,2020-03-05
2020-03-05,338846,154.16000366210938,GLD,2020-03-05
2020-03-05,-84680,308.43365478515625,SPY,2020-03-05
2020-03-06,329142,156.8540496826172,TLT,2020-03-06
2020-03-06,327813,157.49000549316406,GLD,2020-03-06
2020-03-06,-86570,298.1808166503906,SPY,2020-03-06
2020-03-09,320851,165.01731872558594,TLT,2020-03-09
2020-03-09,336058,157.5500030517578,GLD,2020-03-09
2020-03-09,-90274,293.2515563964844,SPY,2020-03-09
2020-03-10,319779,169.48983764648438,TLT,2020-03-10
2020-03-10,343447,157.80999755859375,GLD,2020-03-10
2020-03-10,-100239,270.3502197265625,SPY,2020-03-10
2020-03-11,345986,160.80213928222656,TLT,2020-03-11
2020-03-11,360145,154.47999572753906,GLD,2020-03-11
2020-03-11,-97832,284.3394775390625,SPY,2020-03-11
2020-03-12,345454,154.8849639892578,TLT,2020-03-12
2020-03-12,347597,153.92999267578125,GLD,2020-03-12
2020-03-12,-98909,270.4783935546875,SPY,2020-03-12
2020-03-13,341044,155.84475708007812,TLT,2020-03-13
2020-03-13,359631,147.7899932861328,GLD,2020-03-13
2020-03-13,-108646,244.59976196289062,SPY,2020-03-13
2020-03-16,350918,152.32215881347656,TLT,2020-03-16
2020-03-16,373064,143.27999877929688,GLD,2020-03-16
2020-03-16,-100660,265.5096740722656,SPY,2020-03-16
2020-03-17,317007,162.1874237060547,TLT,2020-03-17
2020-03-17,362995,141.63999938964844,GLD,2020-03-17
2020-03-17,-108719,236.45663452148438,SPY,2020-03-17
2020-03-18,354916,151.37225341796875,TLT,2020-03-18
2020-03-18,374230,143.55999755859375,GLD,2020-03-18
2020-03-18,-107783,249.22340393066406,SPY,2020-03-18
2020-03-19,364598,142.83297729492188,TLT,2020-03-19
2020-03-19,370125,140.6999969482422,GLD,2020-03-19
2020-03-19,-110050,236.6044921875,SPY,2020-03-19
2020-03-20,347462,146.72166442871094,TLT,2020-03-20
2020-03-20,369315,138.0399932861328,GLD,2020-03-20
2020-03-20,-107504,237.10726928710938,SPY,2020-03-20
2020-03-23,324120,157.75448608398438,TLT,2020-03-23
2020-03-23,364938,140.11000061035156,GLD,2020-03-23
2020-03-23,-112679,226.8893280029297,SPY,2020-03-23
2020-03-24,325164,164.2554168701172,TLT,2020-03-24
2020-03-24,365072,146.3000030517578,GLD,2020-03-24
2020-03-24,-120789,221.0881805419922,SPY,2020-03-24
2020-03-25,343788,161.19789123535156,TLT,2020-03-25
2020-03-25,361264,153.39999389648438,GLD,2020-03-25
2020-03-25,-114918,241.11949157714844,SPY,2020-03-25
2020-03-26,342527,160.831787109375,TLT,2020-03-26
2020-03-26,364106,151.3000030517578,GLD,2020-03-26
2020-03-26,-112551,244.72909545898438,SPY,2020-03-26
2020-03-27,337634,161.6233673095703,TLT,2020-03-27
2020-03-27,356105,153.24000549316406,GLD,2020-03-27
2020-03-27,-105339,259.0187683105469,SPY,2020-03-27
2020-06-11,344723,159.7914581298828,TLT,2020-06-11
2020-06-11,336760,163.57000732421875,GLD,2020-06-11
2020-06-11,-87065,316.3360900878906,SPY,2020-06-11
2020-06-12,338329,162.8116455078125,TLT,2020-06-12
2020-06-12,339207,162.38999938964844,GLD,2020-06-12
2020-06-12,-92391,298.0996398925781,SPY,2020-06-12
2020-06-15,347158,161.241943359375,TLT,2020-06-15
2020-06-15,344216,162.6199951171875,GLD,2020-06-15
2020-06-15,-92777,301.6695861816406,SPY,2020-06-15
2020-06-16,347158,161.241943359375,TLT,2020-06-16
2020-06-16,344216,162.6199951171875,GLD,2020-06-16
2020-06-16,-92777,301.6695861816406,SPY,2020-06-16
