date,date,position,cost,market_price,unrealized_pnl,name
2018-01-03,2018-01-03,1649975,60.000892639160156,60.4444580078125,26.614318062958773,SCZ
2018-01-04,2018-01-04,1649975,60.000892639160156,60.8418083190918,50.455691430164734,SCZ
2018-01-05,2018-01-05,1649975,60.000892639160156,61.10979080200195,66.53487961643259,SCZ
2018-01-08,2018-01-08,1649975,60.000892639160156,61.1559944152832,69.30713765646215,SCZ
2018-01-09,2018-01-09,1649975,60.000892639160156,61.294612884521484,77.62436954703298,SCZ
2018-01-10,2018-01-10,1649975,60.000892639160156,61.082069396972656,64.87157056946307,SCZ
2018-01-11,2018-01-11,1649975,60.000892639160156,61.49791717529297,89.82280847069342,SCZ
2018-01-12,2018-01-12,1649975,60.000892639160156,62.22793197631836,133.62434817201574,SCZ
2018-01-16,2018-01-16,1649975,60.000892639160156,62.135528564453125,128.08006097719772,SCZ
2018-01-17,2018-01-17,1649975,60.000892639160156,62.47744369506836,148.59527402094682,SCZ
2018-01-18,2018-01-18,1649975,60.000892639160156,62.26490020751953,135.8424750433769,SCZ
2018-01-19,2018-01-19,1649975,60.000892639160156,62.63452911376953,158.02053936361335,SCZ
2018-01-22,2018-01-22,1649975,60.000892639160156,62.98568344116211,179.09011246127193,SCZ
2018-01-23,2018-01-23,1649975,60.000892639160156,63.235191345214844,194.06080942496192,SCZ
2018-01-24,2018-01-24,1649975,60.000892639160156,63.54014587402344,212.35835336783202,SCZ
2018-01-25,2018-01-25,1649975,60.000892639160156,63.281394958496094,196.83306746499147,SCZ
2018-01-26,2018-01-26,1649975,60.000892639160156,63.9375,236.19995562027907,SCZ
2018-01-29,2018-01-29,1649975,60.000892639160156,63.33684158325195,200.1599144441716,SCZ
2018-01-30,2018-01-30,1649975,60.000892639160156,62.83783721923828,170.21920717251487,SCZ
2018-01-31,2018-01-31,1649975,60.000892639160156,62.69921875,161.90197528194403,SCZ
2018-02-01,2018-02-01,1649975,60.000892639160156,63.03188705444336,181.86237050130148,SCZ
2018-02-02,2018-02-02,423708,245.3361053466797,239.06253051757812,-1539.134415172739,DIA
2018-02-05,2018-02-05,423708,245.3361053466797,228.1282196044922,-4221.71566923894,DIA
2018-02-06,2018-02-06,423708,245.3361053466797,233.4640655517578,-2912.6400058069266,DIA
2018-02-07,2018-02-07,423708,245.3361053466797,233.2765350341797,-2958.648012623191,DIA
2018-02-08,2018-02-08,423708,245.3361053466797,223.8145294189453,-5280.019619033206,DIA
2018-02-09,2018-02-09,423708,245.3361053466797,226.96542358398438,-4506.9915162229445,DIA
2018-02-12,2018-02-12,423708,245.3361053466797,230.8477325439453,-3554.5209562336095,DIA
2018-02-13,2018-02-13,423708,245.3361053466797,231.2228240966797,-3462.497455537319,DIA
2018-02-14,2018-02-14,423708,245.3361053466797,233.78294372558594,-2834.407676559873,DIA
2018-02-15,2018-02-15,423708,245.3361053466797,236.78375244140625,-2098.200953330146,DIA
2018-02-16,2018-02-16,423708,245.3361053466797,236.88250732421875,-2073.9728149969596,DIA
2018-02-20,2018-02-20,423708,245.3361053466797,234.42864990234375,-2675.9926379558165,DIA
2018-02-21,2018-02-21,423708,245.3361053466797,232.8961944580078,-3051.959288286511,DIA
2018-02-22,2018-02-22,423708,245.3361053466797,234.56028747558594,-2643.69718841929,DIA
2018-02-23,2018-02-23,423708,245.3361053466797,237.77566528320312,-1854.8489198803436,DIA
2018-02-26,2018-02-26,423708,245.3361053466797,241.54566955566406,-929.9307545344345,DIA
2018-02-27,2018-02-27,423708,245.3361053466797,238.76275634765625,-1612.6798425049055,DIA
2018-02-28,2018-02-28,423708,245.3361053466797,235.22779846191406,-2479.932642757427,DIA
2018-03-01,2018-03-01,423708,245.3361053466797,231.26034545898438,-3453.2921106421854,DIA
2018-03-02,2018-03-02,423708,245.3361053466797,230.6680450439453,-3598.604787663091,DIA
2018-03-05,2018-03-05,423708,245.3361053466797,233.94911193847656,-2793.640614376869,DIA
2018-03-06,2018-03-06,603153,164.42660522460938,165.1221923828125,114.37303506117314,QQQ
2018-03-07,2018-03-07,603153,164.42660522460938,165.5042724609375,177.19716523122042,QQQ
2018-03-08,2018-03-08,603153,164.42660522460938,166.41543579101562,327.01665840111673,QQQ
2018-03-09,2018-03-09,603153,164.42660522460938,169.64849853515625,858.6181898983195,QQQ
2018-03-12,2018-03-12,603153,164.42660522460938,170.5498504638672,1006.8244276489131,QQQ
2018-03-13,2018-03-13,603153,164.42660522460938,168.22792053222656,625.0373714198358,QQQ
2018-03-14,2018-03-14,603153,164.42660522460938,168.19851684570312,620.2026230636984,QQQ
2018-03-15,2018-03-15,603153,164.42660522460938,168.05157470703125,596.0414260374382,QQQ
2018-03-16,2018-03-16,603153,164.42660522460938,167.55191040039062,513.883320344612,QQQ
2018-03-19,2018-03-19,603153,164.42660522460938,163.9770050048828,-73.92623783787712,QQQ
2018-03-20,2018-03-20,603153,164.42660522460938,164.51670837402344,14.815354978200048,QQQ
2018-03-21,2018-03-21,603153,164.42660522460938,163.8003692626953,-102.96985328709707,QQQ
2018-03-22,2018-03-22,603153,164.42660522460938,159.75735473632812,-767.7490067314357,QQQ
2018-03-23,2018-03-23,603153,164.42660522460938,155.54750061035156,-1459.9610291565768,QQQ
2018-03-26,2018-03-26,603153,164.42660522460938,161.32742309570312,-509.5879964288324,QQQ
2018-03-27,2018-03-27,603153,164.42660522460938,156.10687255859375,-1367.985398649238,QQQ
2018-03-28,2018-03-28,603153,164.42660522460938,154.31109619140625,-1663.2588104484603,QQQ
2018-03-29,2018-03-29,603153,164.42660522460938,157.13726806640625,-1198.5609632609412,QQQ
2018-04-02,2018-04-02,603153,164.42660522460938,152.6035919189453,-1944.0179413757287,QQQ
2018-04-03,2018-04-03,603153,164.42660522460938,154.32090759277344,-1661.6455550291575,QQQ
2018-04-04,2018-04-04,603153,164.42660522460938,156.75457763671875,-1261.485451466404,QQQ
2018-04-05,2018-04-05,1577991,59.94544982910156,60.12102127075195,10.524709046876524,SCZ
2018-04-06,2018-04-06,1577991,59.94544982910156,59.80683135986328,-8.309546493110247,SCZ
2018-04-09,2018-04-09,1577991,59.94544982910156,60.16722106933594,13.294176755007356,SCZ
2018-04-10,2018-04-10,1577991,59.94544982910156,60.758636474609375,48.74683925998397,SCZ
2018-04-11,2018-04-11,1577991,59.94544982910156,60.536865234375,35.452662504976615,SCZ
2018-04-12,2018-04-12,1577991,59.94544982910156,60.758636474609375,48.74683925998397,SCZ
2018-04-13,2018-04-13,1577991,59.94544982910156,60.88801574707031,56.50253794621676,SCZ
2018-04-16,2018-04-16,1577991,59.94544982910156,61.16524124145508,73.1209449112066,SCZ
2018-04-17,2018-04-17,1577991,59.94544982910156,61.42398452758789,88.63142758869799,SCZ
2018-04-18,2018-04-18,1577991,59.94544982910156,61.802852630615234,111.3428464505705,SCZ
2018-04-19,2018-04-19,1577991,59.94544982910156,61.673484802246094,103.58783378556836,SCZ
2018-04-20,2018-04-20,1577991,59.94544982910156,61.2484016418457,78.10603252059082,SCZ
2018-04-23,2018-04-23,1577991,59.94544982910156,61.11903381347656,70.35101985558867,SCZ
2018-04-24,2018-04-24,1577991,59.94544982910156,60.69395446777344,44.869447264354676,SCZ
2018-04-25,2018-04-25,1577991,59.94544982910156,60.50914001464844,33.790661736857146,SCZ
2018-04-26,2018-04-26,1577991,59.94544982910156,60.897254943847656,57.05638575309422,SCZ
2018-04-27,2018-04-27,1577991,59.94544982910156,60.92497253417969,58.71792917372659,SCZ
2018-04-30,2018-04-30,1577991,59.94544982910156,60.638511657714844,41.54590307560284,SCZ
2018-05-01,2018-05-01,1577991,59.94544982910156,60.50914001464844,33.790661736857146,SCZ
2018-05-02,2018-05-02,1577991,59.94544982910156,60.592308044433594,38.776206693728454,SCZ
2018-05-03,2018-05-03,1577991,59.94544982910156,60.8418083190918,53.73261289059883,SCZ
2018-05-04,2018-05-04,1577991,59.94544982910156,60.961936950683594,60.933777748723514,SCZ
2018-05-07,2018-05-07,1577991,59.94544982910156,61.008140563964844,63.7034741305979,SCZ
2018-05-08,2018-05-08,1577991,59.94544982910156,61.12828063964844,70.90532500995323,SCZ
2018-05-09,2018-05-09,1577991,59.94544982910156,61.202205657958984,75.33679348620353,SCZ
2018-05-10,2018-05-10,1577991,59.94544982910156,61.48866653442383,92.50881958432728,SCZ
2018-05-11,2018-05-11,1577991,59.94544982910156,61.71044158935547,105.80322501307819,SCZ
2018-05-14,2018-05-14,1577991,59.94544982910156,61.71969223022461,106.3577588411863,SCZ
2018-05-15,2018-05-15,1577991,59.94544982910156,61.21144104003906,75.89041261933744,SCZ
2018-05-16,2018-05-16,1577991,59.94544982910156,61.313087463378906,81.98365318996366,SCZ
2018-05-17,2018-05-17,1577991,59.94544982910156,61.405494689941406,87.52304595371243,SCZ
2018-05-18,2018-05-18,1577991,59.94544982910156,61.192962646484375,74.78271700558253,SCZ
2018-05-21,2018-05-21,1577991,59.94544982910156,61.51639175415039,94.17082035244675,SCZ
2018-05-22,2018-05-22,1577991,59.94544982910156,61.35929489135742,84.7535782455816,SCZ
2018-05-23,2018-05-23,1577991,59.94544982910156,60.94345474243164,59.82585346122505,SCZ
2018-05-24,2018-05-24,1577991,59.94544982910156,60.95270538330078,60.38038728933316,SCZ
2018-05-25,2018-05-25,1577991,59.94544982910156,60.638511657714844,41.54590307560284,SCZ
2018-05-29,2018-05-29,1577991,59.94544982910156,59.37251281738281,-34.3449668912217,SCZ
2018-05-30,2018-05-30,1577991,59.94544982910156,60.287353515625,20.49557028687559,SCZ
2018-05-31,2018-05-31,1577991,59.94544982910156,60.04710006713867,6.093469244369771,SCZ
2018-06-01,2018-06-01,1577991,59.94544982910156,60.47217559814453,31.57481316186022,SCZ
2018-06-04,2018-06-04,1577991,59.94544982910156,60.7494010925293,48.193220126850065,SCZ
2018-06-05,2018-06-05,560383,171.0424346923828,171.57235717773438,90.63923209276982,QQQ
2018-06-06,2018-06-06,560383,171.0424346923828,172.57327270507812,261.8382608110551,QQQ
2018-06-07,2018-06-07,560383,171.0424346923828,171.1699981689453,21.818767609074712,QQQ
2018-06-08,2018-06-08,560383,171.0424346923828,171.1798095703125,23.496933586662635,QQQ
2018-06-11,2018-06-11,560383,171.0424346923828,171.64105224609375,102.38900383631699,QQQ
2018-06-12,2018-06-12,560383,171.0424346923828,172.54383850097656,256.8037628782913,QQQ
2018-06-13,2018-06-13,560383,171.0424346923828,172.53402709960938,255.12559690070339,QQQ
2018-06-14,2018-06-14,560383,171.0424346923828,174.28077697753906,553.8939488204196,QQQ
2018-06-15,2018-06-15,560383,171.0424346923828,173.67233276367188,449.824169106083,QQQ
2018-06-18,2018-06-18,560383,171.0424346923828,173.572021484375,432.6666836680379,QQQ
2018-06-19,2018-06-19,560383,171.0424346923828,173.08033752441406,348.56786205712706,QQQ
2018-06-20,2018-06-20,560383,171.0424346923828,174.30958557128906,558.8214408354834,QQQ
2018-06-21,2018-06-21,560383,171.0424346923828,172.79513549804688,299.78621308808215,QQQ
2018-06-22,2018-06-22,560383,171.0424346923828,172.41162109375,234.1889756375458,QQQ
2018-06-25,2018-06-25,560383,171.0424346923828,168.52713012695312,-430.22381686395966,QQQ
2018-06-26,2018-06-26,560383,171.0424346923828,169.21551513671875,-312.48076878790744,QQQ
2018-06-27,2018-06-27,560383,171.0424346923828,166.9143524169922,-706.077242993284,QQQ
2018-06-28,2018-06-28,560383,171.0424346923828,168.35009765625,-460.5038816726301,QQQ
2018-06-29,2018-06-29,560383,171.0424346923828,168.80245971679688,-383.1307734742295,QQQ
2018-07-02,2018-07-02,560383,171.0424346923828,169.93341064453125,-189.6901732769329,QQQ
2018-07-03,2018-07-03,560383,171.0424346923828,167.9665985107422,-526.0985092227347,QQQ
2018-07-05,2018-07-05,560383,171.0424346923828,170.05142211914062,-169.5052033381071,QQQ
2018-07-06,2018-07-06,560383,171.0424346923828,172.69680786132812,282.968014706159,QQQ
2018-07-09,2018-07-09,560383,171.0424346923828,174.2505645751953,548.7263459656388,QQQ
2018-07-10,2018-07-10,560383,171.0424346923828,174.37843322753906,570.5973115833476,QQQ
2018-07-11,2018-07-11,560383,171.0424346923828,173.49337768554688,419.2152568430174,QQQ
2018-07-12,2018-07-12,560383,171.0424346923828,176.48294067382812,930.5573890248779,QQQ
2018-07-13,2018-07-13,560383,171.0424346923828,176.6304473876953,955.7872964981943,QQQ
2018-07-16,2018-07-16,560383,171.0424346923828,176.20758056640625,883.4591258342844,QQQ
2018-07-17,2018-07-17,560383,171.0424346923828,177.27947998046875,1066.799411360873,QQQ
2018-07-18,2018-07-18,560383,171.0424346923828,176.94512939453125,1009.6112731012981,QQQ
2018-07-19,2018-07-19,560383,171.0424346923828,176.06004333496094,858.2239985601045,QQQ
2018-07-20,2018-07-20,560383,171.0424346923828,176.02072143554688,851.4982851475943,QQQ
2018-07-23,2018-07-23,560383,171.0424346923828,176.58128356933594,947.3781973072328,QQQ
2018-07-24,2018-07-24,560383,171.0424346923828,177.30899047851562,1071.8469587957952,QQQ
2018-07-25,2018-07-25,560383,171.0424346923828,179.7871856689453,1495.7234978098422,QQQ
2018-07-26,2018-07-26,560383,171.0424346923828,177.06312561035156,1029.7936331396922,QQQ
2018-07-27,2018-07-27,560383,171.0424346923828,174.67344665527344,621.0571265299805,QQQ
2018-07-30,2018-07-30,560383,171.0424346923828,172.20510864257812,198.86658319481649,QQQ
2018-07-31,2018-07-31,560383,171.0424346923828,173.52284240722656,424.2549745766446,QQQ
2018-08-01,2018-08-01,560383,171.0424346923828,174.18173217773438,536.9530851182062,QQQ
2018-08-02,2018-08-02,560383,171.0424346923828,176.5517578125,942.3280399718788,QQQ
2018-08-03,2018-08-03,560383,171.0424346923828,177.09263610839844,1034.8411805746146,QQQ
2018-08-06,2018-08-06,560383,171.0424346923828,178.1350555419922,1213.1391384671442,QQQ
2018-08-07,2018-08-07,560383,171.0424346923828,178.7841033935547,1324.1538632302545,QQQ
2018-08-08,2018-08-08,560383,171.0424346923828,179.00047302246094,1361.1622513518669,QQQ
2018-08-09,2018-08-09,560383,171.0424346923828,178.89227294921875,1342.655447390629,QQQ
2018-08-10,2018-08-10,560383,171.0424346923828,177.52536010742188,1108.8553469174076,QQQ
2018-08-13,2018-08-13,560383,171.0424346923828,177.32864379882812,1075.2085105518345,QQQ
2018-08-14,2018-08-14,560383,171.0424346923828,178.43992614746094,1265.28494909266,QQQ
2018-08-15,2018-08-15,560383,171.0424346923828,176.25674438476562,891.8682250252459,QQQ
2018-08-16,2018-08-16,560383,171.0424346923828,176.83694458007812,991.107079040492,QQQ
2018-08-17,2018-08-17,560383,171.0424346923828,176.87628173828125,997.8354023534339,QQQ
2018-08-20,2018-08-20,560383,171.0424346923828,176.71893310546875,970.9221091016661,QQQ
2018-08-21,2018-08-21,560383,171.0424346923828,177.3680419921875,1081.9472734665032,QQQ
2018-08-22,2018-08-22,560383,171.0424346923828,178.05636596679688,1199.6798819408286,QQQ
2018-08-23,2018-08-23,560383,171.0424346923828,177.80068969726562,1155.9483903071377,QQQ
2018-08-24,2018-08-24,560383,171.0424346923828,179.4528350830078,1438.5353595502675,QQQ
2018-08-27,2018-08-27,560383,171.0424346923828,181.28196716308594,1751.3945639007725,QQQ
2018-08-28,2018-08-28,560383,171.0424346923828,181.5474853515625,1796.8094413129147,QQQ
2018-08-29,2018-08-29,560383,171.0424346923828,183.64215087890625,2155.0861329759937,QQQ
2018-08-30,2018-08-30,560383,171.0424346923828,183.31764221191406,2099.5813804948702,QQQ
2018-08-31,2018-08-31,560383,171.0424346923828,183.55364990234375,2139.94871047209,QQQ
2018-09-04,2018-09-04,560383,171.0424346923828,182.76693725585938,2005.3874640141148,QQQ
2018-09-05,2018-09-05,560383,171.0424346923828,180.40672302246094,1601.6906751380302,QQQ
2018-09-06,2018-09-06,560383,171.0424346923828,178.79396057128906,1325.8398589091375,QQQ
2018-09-07,2018-09-07,560383,171.0424346923828,178.10552978515625,1208.0889811317902,QQQ
2018-09-10,2018-09-10,560383,171.0424346923828,178.7054443359375,1310.6998265048023,QQQ
2018-09-11,2018-09-11,560383,171.0424346923828,180.0822296142578,1546.1885325573385,QQQ
2018-09-12,2018-09-12,560383,171.0424346923828,179.55117797851562,1455.3561678326223,QQQ
2018-09-13,2018-09-13,560383,171.0424346923828,181.4688262939453,1783.3554045874625,QQQ
2018-09-14,2018-09-14,560383,171.0424346923828,180.93777465820312,1692.5230398627464,QQQ
2018-09-17,2018-09-17,560383,171.0424346923828,178.33172607421875,1246.7781451314222,QQQ
2018-09-18,2018-09-18,560383,171.0424346923828,179.80685424804688,1499.0876594663132,QQQ
2018-09-19,2018-09-19,560383,171.0424346923828,179.66915893554688,1475.5359179705847,QQQ
2018-09-20,2018-09-20,560383,171.0424346923828,181.65565490722656,1815.3110254732892,QQQ
2018-09-21,2018-09-21,560383,171.0424346923828,180.6624298095703,1645.4273865725845,QQQ
2018-09-24,2018-09-24,560383,171.0424346923828,181.16485595703125,1731.3635780874174,QQQ
2018-09-25,2018-09-25,560383,171.0424346923828,181.4111328125,1773.4873710551765,QQQ
2018-09-26,2018-09-26,560383,171.0424346923828,181.5392303466797,1795.397485179361,QQQ
2018-09-27,2018-09-27,560383,171.0424346923828,183.0761260986328,2058.271876461804,QQQ
2018-09-28,2018-09-28,560383,171.0424346923828,183.0366973876953,2051.5278937462717,QQQ
2018-10-01,2018-10-01,560383,171.0424346923828,183.4110870361328,2115.564410738647,QQQ
2018-10-02,2018-10-02,560383,171.0424346923828,182.99729919433594,2044.789130831603,QQQ
2018-10-03,2018-10-03,560383,171.0424346923828,183.19432067871094,2078.48816520581,QQQ
2018-10-04,2018-10-04,560383,171.0424346923828,179.67723083496094,1476.916555298958,QQQ
2018-10-05,2018-10-05,560383,171.0424346923828,177.48028564453125,1101.1457010421436,QQQ
2018-10-08,2018-10-08,395271,251.52569580078125,252.01095581054688,122.05536160059273,DIA
2018-10-09,2018-10-09,395271,251.52569580078125,251.44009399414062,-21.53105397708714,DIA
2018-10-10,2018-10-10,395271,251.52569580078125,243.6654815673828,-1977.0458541987464,DIA
2018-10-11,2018-10-11,395271,251.52569580078125,238.15574645996094,-3362.8858107710257,DIA
2018-10-12,2018-10-12,395271,251.52569580078125,241.0391082763672,-2637.646223654039,DIA
2018-10-15,2018-10-15,395271,251.52569580078125,240.12559509277344,-2867.418262780644,DIA
2018-10-16,2018-10-16,395271,251.52569580078125,245.43548583984375,-1531.8442979976535,DIA
2018-10-17,2018-10-17,395271,251.52569580078125,244.53146362304688,-1759.2291150968522,DIA
2018-10-18,2018-10-18,395271,251.52569580078125,241.40072631835938,-2546.689994027838,DIA
2018-10-19,2018-10-19,395271,251.52569580078125,242.15773010253906,-2356.2840904882178,DIA
2018-10-22,2018-10-22,395271,251.52569580078125,240.9389190673828,-2662.846384155564,DIA
2018-10-23,2018-10-23,395271,251.52569580078125,239.63441467285156,-2990.9627596652135,DIA
2018-10-24,2018-10-24,395271,251.52569580078125,233.892822265625,-4435.120784897357,DIA
2018-10-25,2018-10-25,395271,251.52569580078125,237.8252716064453,-3446.0087282462046,DIA
2018-10-26,2018-10-26,395271,251.52569580078125,234.74021911621094,-4221.978702434339,DIA
2018-10-29,2018-10-29,395271,251.52569580078125,232.7787628173828,-4715.335362779908,DIA
2018-10-30,2018-10-30,395271,251.52569580078125,236.8064422607422,-3702.2704883264378,DIA
2018-10-31,2018-10-31,395271,251.52569580078125,239.1774139404297,-3105.9101868690923,DIA
2018-11-01,2018-11-01,395271,251.52569580078125,241.59593200683594,-2497.5907474095,DIA
2018-11-02,2018-11-02,395271,251.52569580078125,240.3866729736328,-2801.7504671392962,DIA
2018-11-05,2018-11-05,395271,251.52569580078125,242.3100128173828,-2317.9810746787116,DIA
2018-11-06,2018-11-06,970906,98.6857681274414,98.69524383544922,0.9351175233023241,AGG
2018-11-07,2018-11-07,970906,98.6857681274414,98.78057098388672,9.355692708981223,AGG
2018-11-08,2018-11-08,970906,98.6857681274414,98.60047912597656,-8.41681062238058,AGG
2018-11-09,2018-11-09,970906,98.6857681274414,98.72369384765625,3.7427288311882876,AGG
2018-11-12,2018-11-12,970906,98.6857681274414,98.8848648071289,19.6480087665841,AGG
2018-11-13,2018-11-13,970906,98.6857681274414,98.92276763916016,23.388478859793395,AGG
2018-11-14,2018-11-14,970906,98.6857681274414,98.9322509765625,24.324349295755383,AGG
2018-11-15,2018-11-15,970906,98.6857681274414,99.05548095703125,36.48539457464358,AGG
2018-11-16,2018-11-16,970906,98.6857681274414,99.21665954589844,52.39142742269905,AGG
2018-11-19,2018-11-19,970906,98.6857681274414,99.20716094970703,51.45405116141774,AGG
2018-11-20,2018-11-20,970906,98.6857681274414,99.16925048828125,47.71282815554878,AGG
2018-11-21,2018-11-21,970906,98.6857681274414,99.23561096191406,54.2616624693037,AGG
2018-11-23,2018-11-23,970906,98.6857681274414,99.20716094970703,51.45405116141774,AGG
2018-11-26,2018-11-26,970906,98.6857681274414,99.18822479248047,49.58532194013242,AGG
2018-11-27,2018-11-27,970906,98.6857681274414,99.21665954589844,52.39142742269905,AGG
2018-11-28,2018-11-28,970906,98.6857681274414,99.40623474121094,71.09980119002284,AGG
2018-11-29,2018-11-29,970906,98.6857681274414,99.4536361694336,75.77764754451346,AGG
2018-11-30,2018-11-30,970906,98.6857681274414,99.42518615722656,72.9700362366275,AGG
2018-12-03,2018-12-03,970906,98.6857681274414,99.58770751953125,89.00858171278378,AGG
2018-12-04,2018-12-04,970906,98.6857681274414,99.85377502441406,115.2656578058959,AGG
2018-12-06,2018-12-06,970906,98.6857681274414,100.10082244873047,139.6457226384664,AGG
2018-12-07,2018-12-07,970906,98.6857681274414,100.23388671875,152.7772723356611,AGG
2018-12-10,2018-12-10,970906,98.6857681274414,100.3004150390625,159.34267072792863,AGG
2018-12-11,2018-12-11,970906,98.6857681274414,100.32890319824219,162.15404659911292,AGG
2018-12-12,2018-12-12,970906,98.6857681274414,100.25286865234375,154.6505190329044,AGG
2018-12-13,2018-12-13,970906,98.6857681274414,100.28137969970703,157.46415364206769,AGG
2018-12-14,2018-12-14,970906,98.6857681274414,100.30988311767578,160.2770353385713,AGG
2018-12-17,2018-12-17,970906,98.6857681274414,100.48094177246094,177.15809008089127,AGG
2018-12-18,2018-12-18,970906,98.6857681274414,100.776123046875,206.2882808832801,AGG
2018-12-19,2018-12-19,970906,98.6857681274414,100.871337890625,215.68463087588316,AGG
2018-12-20,2018-12-20,970906,98.6857681274414,100.776123046875,206.2882808832801,AGG
2018-12-21,2018-12-21,970906,98.6857681274414,100.72850036621094,201.58860006165924,AGG
2018-12-24,2018-12-24,970906,98.6857681274414,100.79517364501953,208.16830379446037,AGG
2018-12-26,2018-12-26,970906,98.6857681274414,100.604736328125,189.37485089659458,AGG
2018-12-27,2018-12-27,970906,98.6857681274414,100.76658630371094,205.34714005870046,AGG
2018-12-28,2018-12-28,970906,98.6857681274414,101.137939453125,241.99441085517174,AGG
2018-12-31,2018-12-31,970906,98.6857681274414,101.39503479003906,267.36606166051934,AGG
2019-01-02,2019-01-02,970906,98.6857681274414,101.47117614746094,274.88013000396313,AGG
2019-01-03,2019-01-03,970906,98.6857681274414,101.89012908935547,316.2248228840763,AGG
2019-01-04,2019-01-04,970906,98.6857681274414,101.58545684814453,286.1580087330658,AGG
2019-01-07,2019-01-07,970906,98.6857681274414,101.41407775878906,269.24533165903995,AGG
2019-01-08,2019-01-08,970906,98.6857681274414,101.33789825439453,261.72749875229783,AGG
2019-01-09,2019-01-09,970906,98.6857681274414,101.42357635498047,270.18270792032126,AGG
2019-01-10,2019-01-10,970906,98.6857681274414,101.30934143066406,258.9093466671766,AGG
2019-01-11,2019-01-11,970906,98.6857681274414,101.4521484375,273.00236583076185,AGG
2019-01-14,2019-01-14,970906,98.6857681274414,101.30934143066406,258.9093466671766,AGG
2019-01-15,2019-01-15,970906,98.6857681274414,101.32836151123047,260.7863579277182,AGG
2019-01-16,2019-01-16,970906,98.6857681274414,101.41407775878906,269.24533165903995,AGG
2019-01-17,2019-01-17,970906,98.6857681274414,101.33789825439453,261.72749875229783,AGG
2019-01-18,2019-01-18,970906,98.6857681274414,101.26173400878906,254.21117167087505,AGG
2019-01-22,2019-01-22,970906,98.6857681274414,101.34739685058594,262.66487501357915,AGG
2019-01-23,2019-01-23,970906,98.6857681274414,101.4521484375,273.00236583076185,AGG
2019-01-24,2019-01-24,970906,98.6857681274414,101.62353515625,289.91579581744736,AGG
2019-01-25,2019-01-25,970906,98.6857681274414,101.575927734375,285.21762082114583,AGG
2019-01-28,2019-01-28,970906,98.6857681274414,101.51880645751953,279.58056373824365,AGG
2019-01-29,2019-01-29,970906,98.6857681274414,101.785400390625,305.88959080487257,AGG
2019-01-30,2019-01-30,970906,98.6857681274414,102.01392364501953,328.4415836997796,AGG
2019-01-31,2019-01-31,970906,98.6857681274414,102.318603515625,358.5091507634497,AGG
2019-02-01,2019-02-01,970906,98.6857681274414,102.10670471191406,337.5977545539499,AGG
2019-02-04,2019-02-04,970906,98.6857681274414,102.02080535888672,329.12071091879625,AGG
2019-02-05,2019-02-05,970906,98.6857681274414,102.24032592773438,350.7842668753001,AGG
2019-02-06,2019-02-06,970906,98.6857681274414,102.18305969238281,345.1329044518643,AGG
2019-02-07,2019-02-07,377434,262.76434326171875,260.2594909667969,-658.1858682427555,SPY
2019-02-08,2019-02-08,377434,262.76434326171875,260.577392578125,-574.6526601202786,SPY
2019-02-11,2019-02-11,377434,262.76434326171875,260.7218933105469,-536.6830200646073,SPY
2019-02-12,2019-02-12,377434,262.76434326171875,264.0746154785156,344.29281854070723,SPY
2019-02-13,2019-02-13,377434,262.76434326171875,264.9320068359375,569.5846954919398,SPY
2019-02-14,2019-02-14,377434,262.76434326171875,264.3443908691406,415.180171886459,SPY
2019-02-15,2019-02-15,377434,262.76434326171875,267.2249755859375,1172.095123205334,SPY
2019-02-19,2019-02-19,377434,262.76434326171875,267.68743896484375,1293.6140092462301,SPY
2019-02-20,2019-02-20,377434,262.76434326171875,268.2269592285156,1435.3806970063597,SPY
2019-02-21,2019-02-21,377434,262.76434326171875,267.273193359375,1184.765034776181,SPY
2019-02-22,2019-02-22,377434,262.76434326171875,268.9302673339844,1620.1849894504994,SPY
2019-02-25,2019-02-25,377434,262.76434326171875,269.2963562011719,1716.3800902124494,SPY
2019-02-26,2019-02-26,377434,262.76434326171875,269.1036682128906,1665.748557517305,SPY
2019-02-27,2019-02-27,377434,262.76434326171875,268.9880676269531,1635.372845472768,SPY
2019-02-28,2019-02-28,377434,262.76434326171875,268.4870300292969,1503.7180301751941,SPY
2019-03-01,2019-03-01,377434,262.76434326171875,270.1634521484375,1944.2219873405993,SPY
2019-03-04,2019-03-04,377434,262.76434326171875,269.1807861328125,1686.0123970992863,SPY
2019-03-05,2019-03-05,377434,262.76434326171875,268.81463623046875,1589.8012584745884,SPY
2019-03-06,2019-03-06,377434,262.76434326171875,267.18646240234375,1161.9752318114042,SPY
2019-03-07,2019-03-07,377434,262.76434326171875,264.9512939453125,574.6526601202786,SPY
2019-03-08,2019-03-08,377434,262.76434326171875,264.42138671875,435.4119357429445,SPY
2019-03-11,2019-03-11,970752,102.80215454101562,102.81172180175781,0.9835350173525512,AGG
2019-03-12,2019-03-12,970752,102.80215454101562,103.00309753417969,20.6573726371862,AGG
2019-03-13,2019-03-13,970752,102.80215454101562,102.95526123046875,15.739697550423443,AGG
2019-03-14,2019-03-14,970752,102.80215454101562,102.80215454101562,0.0,AGG
2019-03-15,2019-03-15,970752,102.80215454101562,103.06050872802734,26.559367059497163,AGG
2019-03-18,2019-03-18,970752,102.80215454101562,103.04137420654297,24.59229702479206,AGG
2019-03-19,2019-03-19,970752,102.80215454101562,102.98394012451172,18.68794964789413,AGG
2019-03-20,2019-03-20,970752,102.80215454101562,103.40498352050781,61.9721179115586,AGG
2019-03-21,2019-03-21,970752,102.80215454101562,103.42415618896484,63.94310953724198,AGG
2019-03-22,2019-03-22,970752,102.80215454101562,103.94087982177734,117.06341229262762,AGG
2019-03-25,2019-03-25,970752,102.80215454101562,104.13226318359375,136.73803423065692,AGG
2019-03-26,2019-03-26,970752,102.80215454101562,104.15140533447266,138.70588858355768,AGG
2019-03-27,2019-03-27,970752,102.80215454101562,104.3714828491211,161.33033125544898,AGG
2019-03-28,2019-03-28,970752,102.80215454101562,104.38105773925781,162.3146505909972,AGG
2019-03-29,2019-03-29,970752,102.80215454101562,104.3714828491211,161.33033125544898,AGG
2019-04-01,2019-04-01,970752,102.80215454101562,103.89380645751953,112.22416902543046,AGG
2019-04-02,2019-04-02,970752,102.80215454101562,104.00892639160156,124.05874627968296,AGG
2019-04-03,2019-04-03,970752,102.80215454101562,103.81706237792969,104.33471229532734,AGG
2019-04-04,2019-04-04,970752,102.80215454101562,103.89380645751953,112.22416902543046,AGG
2019-04-05,2019-04-05,970752,102.80215454101562,103.97054290771484,120.11284143733792,AGG
2019-04-08,2019-04-08,970752,102.80215454101562,103.92259216308594,115.18340157764032,AGG
2019-04-09,2019-04-09,550488,183.24118041992188,182.59779357910156,-117.89496417855844,QQQ
2019-04-10,2019-04-10,550488,183.24118041992188,183.5777130126953,61.66662954958156,QQQ
2019-04-11,2019-04-11,550488,183.24118041992188,183.14219665527344,-18.13790187658742,QQQ
2019-04-12,2019-04-12,550488,183.24118041992188,183.93405151367188,126.96251709759235,QQQ
2019-04-15,2019-04-15,550488,183.24118041992188,183.9637451171875,132.40360805671662,QQQ
2019-04-16,2019-04-16,550488,183.24118041992188,184.59719848632812,248.47835115902126,QQQ
2019-04-17,2019-04-17,550488,183.24118041992188,185.24057006835938,366.3705192990601,QQQ
2019-04-18,2019-04-18,550488,183.24118041992188,185.47811889648438,409.89924697205424,QQQ
2019-04-22,2019-04-22,550488,183.24118041992188,186.00271606445312,506.027051275596,QQQ
2019-04-23,2019-04-23,550488,183.24118041992188,188.3683319091797,939.505291083362,QQQ
2019-04-24,2019-04-24,550488,183.24118041992188,187.7744598388672,830.6834719008766,QQQ
2019-04-25,2019-04-25,550488,183.24118041992188,188.53659057617188,970.3372078388929,QQQ
2019-04-26,2019-04-26,550488,183.24118041992188,188.70484924316406,1001.1691245944239,QQQ
2019-04-29,2019-04-29,550488,183.24118041992188,189.0710906982422,1068.2796411416493,QQQ
2019-04-30,2019-04-30,550488,183.24118041992188,187.60617065429688,799.8459630683064,QQQ
2019-05-01,2019-05-01,550488,183.24118041992188,187.0023956298828,689.2095148866065,QQQ
2019-05-02,2019-05-02,550488,183.24118041992188,186.19078063964844,540.4882260295562,QQQ
2019-05-03,2019-05-03,550488,183.24118041992188,189.16017150878906,1084.6029140190221,QQQ
2019-05-06,2019-05-06,550488,183.24118041992188,188.0021209716797,872.4003666131757,QQQ
2019-05-07,2019-05-07,550488,183.24118041992188,184.33987426757812,201.32595756463706,QQQ
2019-05-08,2019-05-08,550488,183.24118041992188,183.87464904785156,116.07753914082423,QQQ
2019-05-09,2019-05-09,550488,183.24118041992188,182.8848419189453,-65.2958875480108,QQQ
2019-05-10,2019-05-10,550488,183.24118041992188,183.1125030517578,-23.578992835711688,QQQ
2019-05-13,2019-05-13,550488,183.24118041992188,176.7580108642578,-1187.9836422423832,QQQ
2019-05-14,2019-05-14,550488,183.24118041992188,178.69801330566406,-832.4953048615716,QQQ
2019-05-15,2019-05-15,550488,183.24118041992188,181.2219696044922,-370.00257333600894,QQQ
2019-05-16,2019-05-16,550488,183.24118041992188,183.043212890625,-36.27580375317484,QQQ
2019-05-17,2019-05-17,550488,183.24118041992188,181.17250061035156,-379.06733021652326,QQQ
2019-05-20,2019-05-20,550488,183.24118041992188,178.11404418945312,-939.5024950448424,QQQ
2019-05-21,2019-05-21,550488,183.24118041992188,179.974853515625,-598.5255975807086,QQQ
2019-05-22,2019-05-22,550488,183.24118041992188,179.17311096191406,-745.4378495155834,QQQ
2019-05-23,2019-05-23,550488,183.24118041992188,176.43138122558594,-1247.8356427927501,QQQ
2019-05-24,2019-05-24,550488,183.24118041992188,176.34228515625,-1264.1617117086425,QQQ
2019-05-28,2019-05-28,550488,183.24118041992188,175.67913818359375,-1385.6775457700714,QQQ
2019-05-29,2019-05-29,550488,183.24118041992188,174.2340087890625,-1650.4847618835047,QQQ
2019-05-30,2019-05-30,550488,183.24118041992188,174.9664764404297,-1516.2665248275734,QQQ
2019-05-31,2019-05-31,550488,183.24118041992188,172.1752471923828,-2027.7346670622937,QQQ
2019-06-03,2019-06-03,550488,183.24118041992188,168.38430786132812,-2722.3908649850637,QQQ
2019-06-04,2019-06-04,550488,183.24118041992188,173.12545776367188,-1853.6169603317976,QQQ
2019-06-05,2019-06-05,550488,183.24118041992188,174.41220092773438,-1617.83262405172,QQQ
2019-06-06,2019-06-06,550488,183.24118041992188,175.79791259765625,-1363.9131819335744,QQQ
2019-06-07,2019-06-07,550488,183.24118041992188,179.19290161132812,-741.8113875556737,QQQ
2019-06-10,2019-06-10,550488,183.24118041992188,181.2813720703125,-359.1175953792408,QQQ
2019-06-11,2019-06-11,550488,183.24118041992188,181.5288543701172,-313.7686466299929,QQQ
2019-06-12,2019-06-12,550488,183.24118041992188,180.47962951660156,-506.0298473141156,QQQ
2019-06-13,2019-06-13,550488,183.24118041992188,181.5486297607422,-310.1449807086028,QQQ
2019-06-14,2019-06-14,550488,183.24118041992188,180.77659606933594,-451.61334564583376,QQQ
2019-06-17,2019-06-17,550488,183.24118041992188,181.86538696289062,-252.10201708041131,QQQ
2019-06-18,2019-06-18,550488,183.24118041992188,184.50811767578125,232.15507828164846,QQQ
2019-06-19,2019-06-19,550488,183.24118041992188,185.20098876953125,359.1175953792408,QQQ
2019-06-20,2019-06-20,550488,183.24118041992188,186.92323303222656,674.7036670469679,QQQ
2019-06-21,2019-06-21,550488,183.24118041992188,186.64608764648438,623.9192194156349,QQQ
2019-06-24,2019-06-24,550488,183.24118041992188,186.65203857421875,625.0096744382754,QQQ
2019-06-25,2019-06-25,550488,183.24118041992188,183.4479217529297,37.88352590193972,QQQ
2019-06-26,2019-06-26,550488,183.24118041992188,184.301025390625,194.20724349375814,QQQ
2019-06-27,2019-06-27,550488,183.24118041992188,185.00534057617188,323.2667894810438,QQQ
2019-06-28,2019-06-28,550488,183.24118041992188,185.24343872070312,366.89617454074323,QQQ
2019-07-01,2019-07-01,550488,183.24118041992188,187.74322509765625,824.9599810512736,QQQ
2019-07-02,2019-07-02,550488,183.24118041992188,188.48721313476562,961.2892271894962,QQQ
2019-07-03,2019-07-03,550488,183.24118041992188,189.90576171875,1221.2257442018017,QQQ
2019-07-05,2019-07-05,550488,183.24118041992188,189.5188751220703,1150.3321875375696,QQQ
2019-07-08,2019-07-08,550488,183.24118041992188,188.1896209716797,906.7580879419111,QQQ
2019-07-09,2019-07-09,550488,183.24118041992188,189.13201904296875,1079.4442229503766,QQQ
2019-07-10,2019-07-10,550488,183.24118041992188,191.01678466796875,1424.8109008902684,QQQ
2019-07-11,2019-07-11,550488,183.24118041992188,190.8778839111328,1399.3585622464307,QQQ
2019-07-12,2019-07-12,550488,183.24118041992188,191.97900390625,1601.1290899356827,QQQ
2019-07-15,2019-07-15,550488,183.24118041992188,192.59402465820312,1713.8262185063213,QQQ
2019-07-16,2019-07-16,550488,183.24118041992188,191.60203552246094,1532.0529583091848,QQQ
2019-07-17,2019-07-17,550488,183.24118041992188,190.65963745117188,1359.3668233007193,QQQ
2019-07-18,2019-07-18,550488,183.24118041992188,190.8778839111328,1399.3585622464307,QQQ
2019-07-19,2019-07-19,550488,183.24118041992188,189.4792022705078,1143.0624873866327,QQQ
2019-07-22,2019-07-22,550488,183.24118041992188,190.9870147705078,1419.3558297385462,QQQ
2019-07-23,2019-07-23,550488,183.24118041992188,192.23692321777344,1648.390529032331,QQQ
2019-07-24,2019-07-24,550488,183.24118041992188,193.5860137939453,1895.5994787034579,QQQ
2019-07-25,2019-07-25,550488,183.24118041992188,191.75083923339844,1559.319925952237,QQQ
2019-07-26,2019-07-26,550488,183.24118041992188,193.72488403320312,1921.0462252702564,QQQ
2019-07-29,2019-07-29,550488,183.24118041992188,193.0602569580078,1799.2591754724272,QQQ
2019-07-30,2019-07-30,550488,183.24118041992188,192.2270050048828,1646.5731039945967,QQQ
2019-07-31,2019-07-31,550488,183.24118041992188,189.56849670410156,1159.4249048032798,QQQ
2019-08-01,2019-08-01,550488,183.24118041992188,188.62608337402344,986.7359737562947,QQQ
2019-08-02,2019-08-02,550488,183.24118041992188,185.8485107421875,477.77028599660844,QQQ
2019-08-05,2019-08-05,550488,183.24118041992188,179.2815704345703,-725.5636077183299,QQQ
2019-08-06,2019-08-06,550488,183.24118041992188,181.7913055419922,-265.6767840930261,QQQ
2019-08-07,2019-08-07,550488,183.24118041992188,182.77337646484375,-85.72094893362373,QQQ
2019-08-08,2019-08-08,550488,183.24118041992188,186.75123596191406,643.1867208541371,QQQ
2019-08-09,2019-08-09,550488,183.24118041992188,184.99542236328125,321.4493644433096,QQQ
2019-08-12,2019-08-12,550488,183.24118041992188,182.87257385253906,-67.54390251776204,QQQ
2019-08-13,2019-08-13,550488,183.24118041992188,186.8802032470703,666.818838421721,QQQ
2019-08-14,2019-08-14,550488,183.24118041992188,181.29530334472656,-356.56481221085414,QQQ
2019-08-15,2019-08-15,550488,183.24118041992188,181.08697509765625,-394.73912611883134,QQQ
2019-08-16,2019-08-16,550488,183.24118041992188,183.99351501464844,137.85867920843884,QQQ
2019-08-19,2019-08-19,550488,183.24118041992188,186.91986083984375,674.0857425341383,QQQ
2019-08-20,2019-08-20,550488,183.24118041992188,185.47157287597656,408.69974644714966,QQQ
2019-08-21,2019-08-21,550488,183.24118041992188,187.1182861328125,710.4454274429008,QQQ
2019-08-22,2019-08-22,550488,183.24118041992188,186.51316833496094,599.5629278714769,QQQ
2019-08-23,2019-08-23,550488,183.24118041992188,180.61085510253906,-481.9839160456322,QQQ
2019-08-26,2019-08-26,550488,183.24118041992188,183.3388214111328,17.891850486863405,QQQ
2019-08-27,2019-08-27,550488,183.24118041992188,182.95191955566406,-53.00450221588835,QQQ
2019-08-28,2019-08-28,550488,183.24118041992188,183.60662841796875,66.96512254420668,QQQ
2019-08-29,2019-08-29,550488,183.24118041992188,186.4139404296875,581.380289378576,QQQ
2019-08-30,2019-08-30,550488,183.24118041992188,185.96759033203125,499.5905706034973,QQQ
2019-09-03,2019-09-03,550488,183.24118041992188,184.1621551513672,168.7604969269596,QQQ
2019-09-04,2019-09-04,550488,183.24118041992188,186.8206787109375,655.9114921567962,QQQ
2019-09-05,2019-09-05,550488,183.24118041992188,190.24302673339844,1283.0265836003236,QQQ
2019-09-06,2019-09-06,550488,183.24118041992188,190.05455017089844,1248.4899158063345,QQQ
2019-09-09,2019-09-09,550488,183.24118041992188,189.65774536132812,1175.778934104368,QQQ
2019-09-10,2019-09-10,550488,183.24118041992188,189.11216735839844,1075.8065768363886,QQQ
2019-09-11,2019-09-11,550488,183.24118041992188,190.8878173828125,1401.1787833226845,QQQ
2019-09-12,2019-09-12,550488,183.24118041992188,191.681396484375,1546.595154649578,QQQ
2019-09-13,2019-09-13,550488,183.24118041992188,190.99691772460938,1421.1704587377608,QQQ
2019-09-16,2019-09-16,550488,183.24118041992188,190.14381408691406,1264.8467411459424,QQQ
2019-09-17,2019-09-17,550488,183.24118041992188,191.05645751953125,1432.0806010412052,QQQ
2019-09-18,2019-09-18,550488,183.24118041992188,190.9770965576172,1417.538404700812,QQQ
2019-09-19,2019-09-19,550488,183.24118041992188,191.29454040527344,1475.707190062385,QQQ
2019-09-20,2019-09-20,550488,183.24118041992188,189.2708740234375,1104.8881734786555,QQQ
2019-09-23,2019-09-23,550488,183.24118041992188,189.3543701171875,1120.188096257858,QQQ
2019-09-24,2019-09-24,550488,183.24118041992188,186.83958435058594,659.3757838825695,QQQ
2019-09-25,2019-09-25,550488,183.24118041992188,188.93690490722656,1043.6912784003653,QQQ
2019-09-26,2019-09-26,550488,183.24118041992188,188.24110412597656,916.1919219070114,QQQ
2019-09-27,2019-09-27,550488,183.24118041992188,185.9052276611328,488.16316117392853,QQQ
2019-09-30,2019-09-30,550488,183.24118041992188,187.6745147705078,812.369419597555,QQQ
2019-10-01,2019-10-01,550488,183.24118041992188,186.14378356933594,531.8764273892157,QQQ
2019-10-02,2019-10-02,550488,183.24118041992188,182.9431610107422,-54.60942832613364,QQQ
2019-10-03,2019-10-03,550488,183.24118041992188,184.95101928710938,313.3128923512995,QQQ
2019-10-04,2019-10-04,550488,183.24118041992188,187.6745147705078,812.369419597555,QQQ
2019-10-07,2019-10-07,550488,183.24118041992188,187.1079559326172,708.5525093651377,QQQ
2019-10-08,2019-10-08,359691,286.29949951171875,281.85479736328125,-1272.5160005763173,SPY
2019-10-09,2019-10-09,359691,286.29949951171875,284.53143310546875,-506.1965272128582,SPY
2019-10-10,2019-10-10,359691,286.29949951171875,286.455810546875,44.75177113339305,SPY
2019-10-11,2019-10-11,359691,286.29949951171875,289.42547607421875,894.965525329113,SPY
2019-10-14,2019-10-14,359691,286.29949951171875,289.1031188964844,802.6748266797513,SPY
2019-10-15,2019-10-15,359691,286.29949951171875,291.96533203125,1622.1250146590173,SPY
2019-10-16,2019-10-16,359691,286.29949951171875,291.4964599609375,1487.8871755935252,SPY
2019-10-17,2019-10-17,359691,286.29949951171875,292.3560791015625,1733.9957053251565,SPY
2019-10-18,2019-10-18,359691,286.29949951171875,291.0763854980469,1367.6200671102852,SPY
2019-10-21,2019-10-21,359691,286.29949951171875,293.04962158203125,1932.5565703734756,SPY
2019-10-22,2019-10-22,359691,286.29949951171875,292.0923156738281,1658.4803679753095,SPY
2019-10-23,2019-10-23,359691,286.29949951171875,292.9422302246094,1901.8104784917086,SPY
2019-10-24,2019-10-24,359691,286.29949951171875,293.4208984375,2038.8529482744634,SPY
2019-10-25,2019-10-25,359691,286.29949951171875,294.6224060058594,2382.8439637552947,SPY
2019-10-28,2019-10-28,359691,286.29949951171875,296.2830505371094,2858.2856619190425,SPY
2019-10-29,2019-10-29,359691,286.29949951171875,296.1951599121094,2833.1226199697703,SPY
2019-10-30,2019-10-30,359691,286.29949951171875,297.1036682128906,3093.2280917856842,SPY
2019-10-31,2019-10-31,359691,286.29949951171875,296.3123779296875,2866.6820797361434,SPY
2019-11-01,2019-11-01,359691,286.29949951171875,299.0574035644531,3652.58154511638,SPY
2019-11-04,2019-11-04,359691,286.29949951171875,300.2589111328125,3996.572560597211,SPY
2019-11-05,2019-11-05,359691,286.29949951171875,299.9267883300781,3901.4859683979303,SPY
2019-11-06,2019-11-06,359691,286.29949951171875,299.9951477050781,3921.057223247364,SPY
2019-11-07,2019-11-07,1860970,57.957115173339844,58.22677230834961,15.628549631073838,SCZ
2019-11-08,2019-11-08,1860970,57.957115173339844,58.18824768066406,13.395773347292561,SCZ
2019-11-11,2019-11-11,1860970,57.957115173339844,58.23640060424805,16.186577885382576,SCZ
2019-11-12,2019-11-12,1860970,57.957115173339844,58.16899108886719,12.279716838675085,SCZ
2019-11-13,2019-11-13,1860970,57.957115173339844,57.957115173339844,0.0,SCZ
2019-11-14,2019-11-14,1860970,57.957115173339844,57.976375579833984,1.1162775974662509,SCZ
2019-11-15,2019-11-15,1860970,57.957115173339844,58.429012298583984,27.349796037742635,SCZ
2019-11-18,2019-11-18,1860970,57.957115173339844,58.5542106628418,34.60593205454643,SCZ
2019-11-19,2019-11-19,1860970,57.957115173339844,58.54458236694336,34.04790380023769,SCZ
2019-11-20,2019-11-20,1860970,57.957115173339844,58.274925231933594,18.419354169163853,SCZ
2019-11-21,2019-11-21,1860970,57.957115173339844,58.22677230834961,15.628549631073838,SCZ
2019-11-22,2019-11-22,1860970,57.957115173339844,58.313446044921875,20.651909364096355,SCZ
2019-11-25,2019-11-25,1860970,57.957115173339844,58.79497528076172,48.5599547449965,SCZ
2019-11-26,2019-11-26,1860970,57.957115173339844,58.862388610839844,52.46703688055277,SCZ
2019-11-27,2019-11-27,1860970,57.957115173339844,59.15130615234375,69.21186410909286,SCZ
2019-11-29,2019-11-29,1860970,57.957115173339844,58.75645446777344,46.327399550064,SCZ
2019-12-02,2019-12-02,1860970,57.957115173339844,58.60236740112305,37.39695768148522,SCZ
2019-12-03,2019-12-03,1860970,57.957115173339844,58.611995697021484,37.95498593579396,SCZ
2019-12-04,2019-12-04,1860970,57.957115173339844,59.24761962890625,74.79391536297044,SCZ
2019-12-05,2019-12-05,1860970,57.957115173339844,59.25724792480469,75.35194361727918,SCZ
2019-12-06,2019-12-06,1860970,57.957115173339844,59.82545471191406,108.28356982005062,SCZ
2019-12-09,2019-12-09,1860970,57.957115173339844,59.48838424682617,88.74793805342051,SCZ
2019-12-10,2019-12-10,1860970,57.957115173339844,59.517276763916016,90.42246499404428,SCZ
2019-12-11,2019-12-11,1860970,57.957115173339844,59.75803756713867,104.37626659564557,SCZ
2019-12-12,2019-12-12,1860970,57.957115173339844,59.92176055908203,113.86517889623065,SCZ
2019-12-13,2019-12-13,1860970,57.957115173339844,60.35513687133789,138.98241973904078,SCZ
2019-12-16,2019-12-16,1860970,57.957115173339844,60.90254592895508,170.70866953828954,SCZ
2019-12-17,2019-12-17,1860970,57.957115173339844,60.470123291015625,145.64670090767322,SCZ
2019-12-18,2019-12-18,1860970,57.957115173339844,60.214603424072266,130.83750655016047,SCZ
2019-12-19,2019-12-19,1860970,57.957115173339844,60.34236526489258,138.24221427334123,SCZ
2019-12-20,2019-12-20,1860970,57.957115173339844,60.41115951538086,142.22933057215414,SCZ
2019-12-23,2019-12-23,1860970,57.957115173339844,60.57822799682617,151.9121377931151,SCZ
2019-12-24,2019-12-24,1860970,57.957115173339844,60.62736892700195,154.7602043430379,SCZ
2019-12-26,2019-12-26,1860970,57.957115173339844,61.00082015991211,176.4043604604376,SCZ
2019-12-27,2019-12-27,1860970,57.957115173339844,61.305484771728516,194.06184245672193,SCZ
2019-12-30,2019-12-30,1860970,57.957115173339844,60.8730583190918,168.99965273725684,SCZ
2019-12-31,2019-12-31,1860970,57.957115173339844,61.20720291137695,188.36570935687632,SCZ
2020-01-02,2020-01-02,1860970,57.957115173339844,61.7575569152832,220.26263974737958,SCZ
2020-01-03,2020-01-03,1860970,57.957115173339844,60.981163024902344,175.26508962269872,SCZ
2020-01-06,2020-01-06,1860970,57.957115173339844,61.020477294921875,177.54363129817648,SCZ
2020-01-07,2020-01-07,528576,214.7281951904297,214.69830322265625,-6.418648290680721,QQQ
2020-01-08,2020-01-08,528576,214.7281951904297,216.3120574951172,340.0998941157013,QQQ
2020-01-09,2020-01-09,528576,214.7281951904297,218.1449737548828,733.6786945103668,QQQ
2020-01-10,2020-01-10,528576,214.7281951904297,217.5871124267578,613.8901383555494,QQQ
2020-01-13,2020-01-13,528576,214.7281951904297,220.09739685058594,1152.9189820988104,QQQ
2020-01-14,2020-01-14,528576,214.7281951904297,219.2307586669922,966.8273290526122,QQQ
2020-01-15,2020-01-15,528576,214.7281951904297,219.32040405273438,986.076720940182,QQQ
2020-01-16,2020-01-16,528576,214.7281951904297,221.42225646972656,1437.4036969975568,QQQ
2020-01-17,2020-01-17,528576,214.7281951904297,222.5180206298828,1672.6951574622653,QQQ
2020-01-21,2020-01-21,528576,214.7281951904297,222.4184112548828,1651.3062161444686,QQQ
2020-01-22,2020-01-22,528576,214.7281951904297,223.00611877441406,1777.5035911132582,QQQ
2020-01-23,2020-01-23,528576,214.7281951904297,223.72335815429688,1931.5151086749975,QQQ
2020-01-24,2020-01-24,528576,214.7281951904297,221.8406524658203,1527.2451141136698,QQQ
2020-01-27,2020-01-27,528576,214.7281951904297,217.25840759277344,543.3079426037148,QQQ
2020-01-28,2020-01-28,528576,214.7281951904297,220.59547424316406,1259.8702416722663,QQQ
2020-01-29,2020-01-29,528576,214.7281951904297,220.95407104492188,1336.8710857147817,QQQ
2020-01-30,2020-01-30,528576,214.7281951904297,221.7410430908203,1505.8561727958731,QQQ
2020-01-31,2020-01-31,528576,214.7281951904297,218.22467041015625,750.7918134599458,QQQ
2020-02-03,2020-02-03,528576,214.7281951904297,221.52188110351562,1458.7959148075897,QQQ
2020-02-04,2020-02-04,528576,214.7281951904297,226.5922393798828,2547.544796460774,QQQ
2020-02-05,2020-02-05,528576,214.7281951904297,227.33935546875,2707.9716858209576,QQQ
2020-02-06,2020-02-06,528576,214.7281951904297,229.30174255371094,3129.351522839628,QQQ
2020-02-07,2020-02-07,528576,214.7281951904297,228.3155517578125,2917.5885531229433,QQQ
2020-02-10,2020-02-10,528576,214.7281951904297,231.0748748779297,3510.093026652932,QQQ
2020-02-11,2020-02-11,528576,214.7281951904297,231.1147003173828,3518.6446713893674,QQQ
2020-02-12,2020-02-12,528576,214.7281951904297,233.36599731445312,4002.0616124079097,QQQ
2020-02-13,2020-02-13,528576,214.7281951904297,233.06715393066406,3937.8915119622834,QQQ
2020-02-14,2020-02-14,528576,214.7281951904297,233.7345733642578,4081.205282372888,QQQ
2020-02-18,2020-02-18,528576,214.7281951904297,233.82421875,4100.454674260458,QQQ
2020-02-19,2020-02-19,528576,214.7281951904297,236.06553649902344,4581.728789356537,QQQ
2020-02-20,2020-02-20,528576,214.7281951904297,233.8740234375,4111.149144919356,QQQ
2020-02-21,2020-02-21,528576,214.7281951904297,229.38143920898438,3146.4646417892072,QQQ
2020-02-24,2020-02-24,528576,214.7281951904297,220.53570556640625,1247.036221583141,QQQ
2020-02-25,2020-02-25,528576,214.7281951904297,214.53890991210938,-40.64488618983887,QQQ
2020-02-26,2020-02-26,528576,214.7281951904297,215.64463806152344,196.78612370509654,QQQ
2020-02-27,2020-02-27,528576,214.7281951904297,204.84646606445312,-2121.8858605816495,QQQ
2020-02-28,2020-02-28,528576,214.7281951904297,205.005859375,-2087.6596226824913,QQQ
2020-03-02,2020-03-02,528576,214.7281951904297,215.58486938476562,183.95210361597128,QQQ
2020-03-03,2020-03-03,528576,214.7281951904297,208.67166137695312,-1300.5085748776328,QQQ
2020-03-04,2020-03-04,528576,214.7281951904297,217.3779296875,568.9727062897291,QQQ
2020-03-05,2020-03-05,528576,214.7281951904297,210.7735137939453,-849.1815988202579,QQQ
2020-03-06,2020-03-06,528576,214.7281951904297,207.21730041503906,-1612.8008793848567,QQQ
2020-03-09,2020-03-09,945999,115.82447814941406,115.67707061767578,-17.073400438879617,AGG
2020-03-10,2020-03-10,945999,115.82447814941406,114.37002563476562,-168.4612035022583,AGG
2020-03-11,2020-03-11,945999,115.82447814941406,112.73870849609375,-357.40765978512354,AGG
2020-03-12,2020-03-12,945999,115.82447814941406,108.22797393798828,-879.8611360482173,AGG
2020-03-13,2020-03-13,945999,115.82447814941406,109.9281005859375,-682.9448542615864,AGG
2020-03-16,2020-03-16,945999,115.82447814941406,111.76580810546875,-470.09333982062526,AGG
2020-03-17,2020-03-17,945999,115.82447814941406,108.87657165527344,-804.7376439147629,AGG
2020-03-18,2020-03-18,945999,115.82447814941406,104.7294692993164,-1285.0736101256916,AGG
2020-03-19,2020-03-19,945999,115.82447814941406,107.06835174560547,-1014.173771331436,AGG
2020-03-20,2020-03-20,945999,115.82447814941406,108.12969970703125,-891.2436975643504,AGG
2020-03-23,2020-03-23,945999,115.82447814941406,110.69463348388672,-594.1615813722601,AGG
2020-03-24,2020-03-24,945999,115.82447814941406,111.60857391357422,-488.3049080440542,AGG
2020-03-25,2020-03-25,945999,115.82447814941406,112.74853515625,-356.26949200057425,AGG
2020-03-26,2020-03-26,945999,115.82447814941406,113.09249114990234,-316.43096852942836,AGG
2020-03-27,2020-03-27,945999,115.82447814941406,113.57402038574219,-260.6580960745923,AGG
2020-03-30,2020-03-30,945999,115.82447814941406,113.68212127685547,-248.1373667739099,AGG
2020-03-31,2020-03-31,945999,115.82447814941406,113.37747192382812,-283.4232191068586,AGG
2020-04-01,2020-04-01,945999,115.82447814941406,112.9924087524414,-328.0229599872837,AGG
2020-04-02,2020-04-02,945999,115.82447814941406,113.15982818603516,-308.6316914592171,AGG
2020-04-03,2020-04-03,945999,115.82447814941406,113.2386245727539,-299.50514108745847,AGG
2020-04-06,2020-04-06,945999,115.82447814941406,113.79013061523438,-235.6272415209096,AGG
2020-04-07,2020-04-07,945999,115.82447814941406,113.94770812988281,-217.37590811867267,AGG
2020-04-08,2020-04-08,945999,115.82447814941406,114.05604553222656,-204.82778502814472,AGG
2020-04-09,2020-04-09,945999,115.82447814941406,115.47422790527344,-40.56755174929276,AGG
2020-04-13,2020-04-13,945999,115.82447814941406,114.93256378173828,-103.30551619001199,AGG
2020-04-14,2020-04-14,945999,115.82447814941406,114.99164581298828,-96.46237075247336,AGG
2020-04-15,2020-04-15,945999,115.82447814941406,115.46439361572266,-41.706603204482235,AGG
2020-04-16,2020-04-16,945999,115.82447814941406,115.61211395263672,-24.59697226935532,AGG
2020-04-17,2020-04-17,945999,115.82447814941406,115.47422790527344,-40.56755174929276,AGG
2020-04-20,2020-04-20,945999,115.82447814941406,115.30680847167969,-59.95882027735934,AGG
2020-04-21,2020-04-21,945999,115.82447814941406,115.36589050292969,-53.11567483982071,AGG
2020-04-22,2020-04-22,945999,115.82447814941406,115.36589050292969,-53.11567483982071,AGG
2020-04-23,2020-04-23,945999,115.82447814941406,115.64165496826172,-21.175399550586008,AGG
2020-04-24,2020-04-24,945999,115.82447814941406,115.58257293701172,-28.01854498812463,AGG
2020-04-27,2020-04-27,945999,115.82447814941406,115.05075073242188,-89.6165743030142,AGG
2020-04-28,2020-04-28,945999,115.82447814941406,115.5037841796875,-37.14421168924309,AGG
2020-04-29,2020-04-29,945999,115.82447814941406,115.58257293701172,-28.01854498812463,AGG
2020-04-30,2020-04-30,945999,115.82447814941406,115.32650756835938,-57.67718268441968,AGG
2020-05-01,2020-05-01,945999,115.82447814941406,115.33242797851562,-56.99145426764153,AGG
2020-05-04,2020-05-04,945999,115.82447814941406,115.43110656738281,-45.56205820757896,AGG
2020-05-05,2020-05-05,945999,115.82447814941406,115.34230041503906,-55.847984459251165,AGG
2020-05-06,2020-05-06,945999,115.82447814941406,114.87847900390625,-109.569857358234,AGG
2020-05-07,2020-05-07,945999,115.82447814941406,115.23373413085938,-68.42261766898446,AGG
2020-05-08,2020-05-08,945999,115.82447814941406,114.92781829833984,-103.85515932820272,AGG
2020-05-11,2020-05-11,945999,115.82447814941406,114.58242797851562,-143.85981287970208,AGG
2020-05-12,2020-05-12,945999,115.82447814941406,114.87847900390625,-109.569857358234,AGG
2020-05-13,2020-05-13,945999,115.82447814941406,115.06597137451172,-87.85365137585904,AGG
2020-05-14,2020-05-14,945999,115.82447814941406,115.4212417602539,-46.70464434532914,AGG
2020-05-15,2020-05-15,945999,115.82447814941406,115.49031829833984,-38.70389036915731,AGG
2020-05-18,2020-05-18,945999,115.82447814941406,115.32255554199219,-58.13492407603189,AGG
2020-05-19,2020-05-19,945999,115.82447814941406,115.4508285522461,-43.27776960271876,AGG
2020-05-20,2020-05-20,945999,115.82447814941406,115.74689483642578,-8.986046739970334,AGG
2020-05-21,2020-05-21,945999,115.82447814941406,115.83570861816406,1.3007631823420525,AGG
2020-05-22,2020-05-22,945999,115.82447814941406,115.89492797851562,8.15981469140388,AGG
2020-05-26,2020-05-26,945999,115.82447814941406,115.7074203491211,-13.558158632251434,AGG
2020-05-27,2020-05-27,945999,115.82447814941406,115.87518310546875,5.872875074623153,AGG
2020-05-28,2020-05-28,945999,115.82447814941406,115.79623413085938,-3.2713487099390477,AGG
2020-05-29,2020-05-29,945999,115.82447814941406,116.1021728515625,32.163843961199746,AGG
2020-06-01,2020-06-01,945999,115.82447814941406,116.03691864013672,24.6058089757571,AGG
2020-06-02,2020-06-02,945999,115.82447814941406,116.13578033447266,36.056413131183945,AGG
2020-06-03,2020-06-03,945999,115.82447814941406,115.84907531738281,2.848954143933952,AGG
2020-06-04,2020-06-04,945999,115.82447814941406,115.5030517578125,-37.22904407070018,AGG
2020-06-05,2020-06-05,945999,115.82447814941406,115.572265625,-29.212384023005143,AGG
2020-06-08,2020-06-08,456939,239.27391052246094,241.13067626953125,444.2756012256723,QQQ
2020-06-09,2020-06-09,456939,239.27391052246094,242.8776397705078,862.2783896443434,QQQ
2020-06-10,2020-06-10,456939,239.27391052246094,245.79257202148438,1559.745628243545,QQQ
2020-06-11,2020-06-11,456939,239.27391052246094,233.61375427246094,-1354.327720105648,QQQ
2020-06-12,2020-06-12,456939,239.27391052246094,235.47052001953125,-910.0521188799758,QQQ
2020-06-15,2020-06-15,456939,239.27391052246094,238.33554077148438,-224.52739983214997,QQQ
2020-06-16,2020-06-16,456939,239.27391052246094,242.4284210205078,754.7920626518317,QQQ
2020-06-17,2020-06-17,456939,239.27391052246094,243.1970672607422,938.7090543610975,QQQ
2020-06-18,2020-06-18,456939,239.27391052246094,243.85592651367188,1096.356884293491,QQQ
2020-06-19,2020-06-19,456939,239.27391052246094,243.81600952148438,1086.8057894764934,QQQ
2020-06-22,2020-06-22,456939,239.27391052246094,246.74000549316406,1786.4417399722151,QQQ
2020-06-23,2020-06-23,456939,239.27391052246094,248.83999633789062,2288.914761451306,QQQ
2020-06-24,2020-06-24,456939,239.27391052246094,243.7100067138672,1061.4420831715688,QQQ
2020-06-25,2020-06-25,456939,239.27391052246094,246.02999877929688,1616.5556570480112,QQQ
2020-06-26,2020-06-26,456939,239.27391052246094,240.22000122070312,226.37482107733376,QQQ
2020-06-29,2020-06-29,456939,239.27391052246094,242.83999633789062,853.2712983165402,QQQ
2020-06-30,2020-06-30,456939,239.27391052246094,247.60000610351562,1992.2174490627367,QQQ
2020-07-01,2020-07-01,456939,239.27391052246094,250.49000549316406,2683.7189044314437,QQQ
2020-07-02,2020-07-02,456939,239.27391052246094,252.19000244140625,3090.4838221136015,QQQ
2020-07-06,2020-07-06,456939,239.27391052246094,258.3900146484375,4573.984988176962,QQQ
2020-07-07,2020-07-07,456939,239.27391052246094,256.6099853515625,4148.070417469135,QQQ
2020-07-08,2020-07-08,456939,239.27391052246094,259.989990234375,4956.817403364694,QQQ
2020-07-09,2020-07-09,456939,239.27391052246094,262.17999267578125,5480.827851573704,QQQ
2020-07-10,2020-07-10,456939,239.27391052246094,263.9700012207031,5909.130195985781,QQQ
2020-07-13,2020-07-13,456939,239.27391052246094,258.5400085449219,4609.87461434328,QQQ
2020-07-14,2020-07-14,456939,239.27391052246094,260.3699951171875,5047.74265769287,QQQ
2020-07-15,2020-07-15,456939,239.27391052246094,260.8999938964844,5174.557538187364,QQQ
2020-07-16,2020-07-16,456939,239.27391052246094,259.1199951171875,4748.650269539794,QQQ
2020-07-17,2020-07-17,456939,239.27391052246094,259.4200134277344,4820.436823932687,QQQ
2020-07-20,2020-07-20,456939,239.27391052246094,266.7799987792969,6581.489300389076,QQQ
2020-07-21,2020-07-21,456939,239.27391052246094,264.0,5916.308121219045,QQQ
2020-07-22,2020-07-22,456939,239.27391052246094,264.92999267578125,6138.831105510471,QQQ
2020-07-23,2020-07-23,456939,239.27391052246094,258.010009765625,4483.059733848786,QQQ
2020-07-24,2020-07-24,456939,239.27391052246094,255.55999755859375,3896.8357322446536,QQQ
2020-07-27,2020-07-27,456939,239.27391052246094,260.1199951171875,4987.924180062255,QQQ
2020-07-28,2020-07-28,456939,239.27391052246094,256.80999755859375,4195.92812039773,QQQ
2020-07-29,2020-07-29,456939,239.27391052246094,259.7699890136719,4904.176850967342,QQQ
2020-07-30,2020-07-30,456939,239.27391052246094,261.1300048828125,5229.593166349223,QQQ
2020-07-31,2020-07-31,456939,239.27391052246094,265.7900085449219,6344.610465631122,QQQ
2020-08-03,2020-08-03,456939,239.27391052246094,269.3800048828125,7203.602928159526,QQQ
2020-08-04,2020-08-04,456939,239.27391052246094,270.3800048828125,7442.876838681987,QQQ
2020-08-05,2020-08-05,456939,239.27391052246094,271.04998779296875,7603.186269578291,QQQ
2020-08-06,2020-08-06,456939,239.27391052246094,274.6400146484375,8462.186034166953,QQQ
2020-08-07,2020-08-07,456939,239.27391052246094,271.4700012207031,7703.684524904238,QQQ
2020-08-10,2020-08-10,456939,239.27391052246094,270.30999755859375,7426.1259124509525,QQQ
2020-08-11,2020-08-11,456939,239.27391052246094,265.19000244140625,6201.044658905594,QQQ
2020-08-12,2020-08-12,456939,239.27391052246094,271.8599853515625,7796.997552936664,QQQ
2020-08-13,2020-08-13,456939,239.27391052246094,272.4800109863281,7945.353511191206,QQQ
2020-08-14,2020-08-14,456939,239.27391052246094,272.1600036621094,7868.784107329557,QQQ
2020-08-17,2020-08-17,456939,239.27391052246094,275.32000732421875,8624.890540827764,QQQ
2020-08-18,2020-08-18,456939,239.27391052246094,277.9700012207031,9258.964943300234,QQQ
2020-08-19,2020-08-19,456939,239.27391052246094,276.1000061035156,8811.523898952873,QQQ
2020-08-20,2020-08-20,456939,239.27391052246094,279.92999267578125,9727.939763347385,QQQ
2020-08-21,2020-08-21,456939,239.27391052246094,281.8699951171875,10192.13173392578,QQQ
2020-08-24,2020-08-24,456939,239.27391052246094,283.6300048828125,10613.256153104594,QQQ
2020-08-25,2020-08-25,456939,239.27391052246094,285.8599853515625,11146.832300251117,QQQ
2020-08-26,2020-08-26,456939,239.27391052246094,291.9599914550781,12606.40461485018,QQQ
2020-08-27,2020-08-27,456939,239.27391052246094,291.04998779296875,12388.66448002751,QQQ
2020-08-28,2020-08-28,456939,239.27391052246094,292.5299987792969,12742.792496342445,QQQ
2020-08-31,2020-08-31,456939,239.27391052246094,294.8800048828125,13305.08764648228,QQQ
2020-09-01,2020-09-01,456939,239.27391052246094,299.9200134277344,14511.030200092355,QQQ
2020-09-02,2020-09-02,456939,239.27391052246094,302.760009765625,15190.567229728913,QQQ
2020-09-03,2020-09-03,456939,239.27391052246094,287.4100036621094,11517.711242797086,QQQ
2020-09-04,2020-09-04,456939,239.27391052246094,283.5799865722656,10601.288076342316,QQQ
2020-09-08,2020-09-08,456939,239.27391052246094,269.95001220703125,7339.99080965179,QQQ
2020-09-09,2020-09-09,456939,239.27391052246094,277.8800048828125,9237.431167600444,QQQ
2020-09-10,2020-09-10,456939,239.27391052246094,272.3399963378906,7911.851658729138,QQQ
2020-09-11,2020-09-11,456939,239.27391052246094,270.45001220703125,7459.627764913021,QQQ
2020-09-14,2020-09-14,456939,239.27391052246094,275.1600036621094,8586.60583889694,QQQ
2020-09-15,2020-09-15,456939,239.27391052246094,279.05999755859375,9519.772629522486,QQQ
2020-09-16,2020-09-16,456939,239.27391052246094,274.6099853515625,8455.000806873431,QQQ
2020-09-17,2020-09-17,456939,239.27391052246094,270.32000732421875,7428.5209882154595,QQQ
2020-09-18,2020-09-18,456939,239.27391052246094,266.8699951171875,6603.023076088866,QQQ
2020-09-21,2020-09-21,456939,239.27391052246094,267.510009765625,6756.161883812165,QQQ
2020-09-22,2020-09-22,456939,239.27391052246094,272.4800109863281,7945.353511191206,QQQ
2020-09-23,2020-09-23,456939,239.27391052246094,264.1600036621094,5954.592823149869,QQQ
2020-09-24,2020-09-24,456939,239.27391052246094,265.3900146484375,6248.902361834189,QQQ
2020-09-25,2020-09-25,456939,239.27391052246094,271.55999755859375,7725.218300604029,QQQ
2020-09-28,2020-09-28,456939,239.27391052246094,277.20001220703125,9074.726660939632,QQQ
2020-09-29,2020-09-29,456939,239.27391052246094,275.95001220703125,8775.634272786556,QQQ
2020-09-30,2020-09-30,456939,239.27391052246094,277.8399963378906,9227.858166602673,QQQ
2020-10-01,2020-10-01,456939,239.27391052246094,282.25,10283.056988253957,QQQ
2020-10-02,2020-10-02,456939,239.27391052246094,274.30999755859375,8383.221554540796,QQQ
2020-10-05,2020-10-05,456939,239.27391052246094,280.1600036621094,9782.975391509244,QQQ
2020-10-06,2020-10-06,2134148,59.89710998535156,59.43048095703125,-27.949730231659487,SCZ
2020-10-07,2020-10-07,2134148,59.89710998535156,59.787899017333984,-6.541421362955589,SCZ
2020-10-08,2020-10-08,2134148,59.89710998535156,60.20488357543945,18.434748576080892,SCZ
2020-10-09,2020-10-09,2134148,59.89710998535156,60.760868072509766,51.736613147251774,SCZ
2020-10-12,2020-10-12,2134148,59.89710998535156,61.10835266113281,72.54993577022105,SCZ
2020-10-13,2020-10-13,2134148,59.89710998535156,60.2843132019043,23.19235364854103,SCZ
2020-10-14,2020-10-14,2134148,59.89710998535156,60.31409454345703,24.97616993903648,SCZ
2020-10-15,2020-10-15,2134148,59.89710998535156,59.589332580566406,-18.434977065422572,SCZ
2020-10-16,2020-10-16,2134148,59.89710998535156,59.589332580566406,-18.434977065422572,SCZ
2020-10-19,2020-10-19,2134148,59.89710998535156,59.38084030151367,-30.923062034940813,SCZ
2020-10-20,2020-10-20,2134148,59.89710998535156,59.589332580566406,-18.434977065422572,SCZ
2020-10-21,2020-10-21,2134148,59.89710998535156,59.758113861083984,-8.32546614279272,SCZ
2020-10-22,2020-10-22,2134148,59.89710998535156,59.768043518066406,-7.730708386399783,SCZ
2020-10-23,2020-10-23,2134148,59.89710998535156,59.92689514160156,1.7840447798371315,SCZ
2020-10-26,2020-10-26,2134148,59.89710998535156,58.646148681640625,-74.9289667957928,SCZ
2020-10-27,2020-10-27,2134148,59.89710998535156,58.23908996582031,-99.31060746777803,SCZ
2020-10-28,2020-10-28,2134148,59.89710998535156,56.382511138916016,-210.51431365933968,SCZ
2020-10-29,2020-10-29,2134148,59.89710998535156,56.65057373046875,-194.45813913014717,SCZ
2020-10-30,2020-10-30,2134148,59.89710998535156,56.54136276245117,-200.99956049310276,SCZ
2020-11-02,2020-11-02,2134148,59.89710998535156,56.81935119628906,-184.348856696859,SCZ
2020-11-03,2020-11-03,2134148,59.89710998535156,58.20930862426758,-101.09442375827348,SCZ
2020-11-04,2020-11-04,2134148,59.89710998535156,58.765289306640625,-67.79278767644428,SCZ
2020-11-05,2020-11-05,437203,286.9100036621094,294.3900146484375,2146.0899794800207,QQQ
2020-11-06,2020-11-06,437203,286.9100036621094,294.6099853515625,2209.201774719171,QQQ
2020-11-09,2020-11-09,437203,286.9100036621094,288.5899963378906,482.00670476071537,QQQ
2020-11-10,2020-11-10,437203,286.9100036621094,283.4200134277344,-1001.3131109252572,QQQ
2020-11-11,2020-11-11,437203,286.9100036621094,289.760009765625,817.695261596702,QQQ
2020-11-12,2020-11-12,437203,286.9100036621094,288.3999938964844,427.49310360103846,QQQ
2020-11-13,2020-11-13,437203,286.9100036621094,290.92999267578125,1153.375062634237,QQQ
2020-11-16,2020-11-16,437203,286.9100036621094,293.20001220703125,1804.6663746582344,QQQ
2020-11-17,2020-11-17,437203,286.9100036621094,292.2699890136719,1537.8334168456495,QQQ
2020-11-18,2020-11-18,437203,286.9100036621094,290.1099853515625,918.106758239679,QQQ
2020-11-19,2020-11-19,437203,286.9100036621094,292.3800048828125,1569.3980702636763,QQQ
2020-11-20,2020-11-20,437203,286.9100036621094,290.3800048828125,995.5780629394576,QQQ
2020-11-23,2020-11-23,437203,286.9100036621094,290.3900146484375,998.4499648315832,QQQ
2020-11-24,2020-11-24,437203,286.9100036621094,294.4700012207031,2169.0389272216707,QQQ
2020-11-25,2020-11-25,437203,286.9100036621094,296.2799987792969,2688.3453333862126,QQQ
2020-11-27,2020-11-27,437203,286.9100036621094,299.010009765625,3471.6127954712138,QQQ
2020-11-30,2020-11-30,437203,286.9100036621094,299.6199951171875,3646.6236949218437,QQQ
2020-12-01,2020-12-01,437203,286.9100036621094,303.4599914550781,4748.3570582885295,QQQ
2020-12-02,2020-12-02,437203,286.9100036621094,303.8500061035156,4860.256162500009,QQQ
2020-12-03,2020-12-03,437203,286.9100036621094,304.2799987792969,4983.625362683088,QQQ
2020-12-04,2020-12-04,437203,286.9100036621094,305.5199890136719,5339.390965368599,QQQ
